id,prediction
es-EC_0368,B
es-EC_0369,B
es-EC_0370,B
es-EC_0371,C
es-EC_0372,B
es-EC_0373,B
es-EC_0374,C
es-EC_0375,B
es-EC_0376,B
es-EC_0377,B
es-EC_0378,B
es-EC_0379,B
es-EC_0380,C
es-EC_0381,B
es-EC_0382,B
es-EC_0383,B
es-EC_0384,A
es-EC_0385,B
es-EC_0386,A
es-EC_0387,A
es-EC_0388,A
es-EC_0389,B
es-EC_0390,A
es-EC_0391,A
es-EC_0392,A
es-EC_0393,B
es-EC_0394,B
es-EC_0395,B
es-EC_0396,A
es-EC_0397,A
es-EC_0398,A
es-EC_0399,D
es-EC_0400,C
es-EC_0401,C
es-EC_0402,D
es-EC_0403,C
es-EC_0404,C
es-EC_0405,C
es-EC_0406,C
es-EC_0407,C
es-EC_0408,D
es-EC_0409,C
es-EC_0410,C
es-EC_0411,C
es-EC_0412,B
es-EC_0413,C
es-EC_0414,B
es-EC_0415,B
es-EC_0416,B
es-EC_0417,C
es-EC_0418,B
es-EC_0419,B
es-EC_0420,B
es-EC_0421,C
es-EC_0422,C
es-EC_0423,C
es-EC_0424,B
es-EC_0425,B
es-EC_0426,B
es-EC_0427,C
es-EC_0428,C
es-EC_0429,D
es-EC_0430,C
es-EC_0431,C
es-EC_0432,C
es-EC_0433,B
es-EC_0434,C
es-EC_0435,B
es-EC_0436,B
es-EC_0437,B
es-EC_0438,C
es-EC_0439,B
es-EC_0440,B
es-EC_0441,B
es-EC_0442,C
es-EC_0443,C
es-EC_0444,C
es-EC_0445,B
es-EC_0446,B
es-EC_0447,B
es-EC_0448,B
es-EC_0449,C
es-EC_0450,B
es-EC_0451,B
es-EC_0452,B
es-EC_0453,C
es-EC_0454,B
es-EC_0455,B
es-EC_0456,B
es-EC_0457,C
es-EC_0458,C
es-EC_0459,C
es-EC_0460,B
es-EC_0461,B
es-EC_0462,B
es-EC_0463,B
es-EC_0464,A
es-EC_0465,A
es-EC_0466,A
es-EC_0467,B
es-EC_0468,B
es-EC_0469,B
es-EC_0470,A
es-EC_0471,A
es-EC_0472,A
es-EC_0473,B
es-EC_0474,B
es-EC_0475,B
es-EC_0476,A
es-EC_0477,A
es-EC_0478,A
es-EC_0479,B
es-EC_0480,B
es-EC_0481,B
es-EC_0482,A
es-EC_0483,D
es-EC_0484,B
es-EC_0485,B
es-EC_0486,B
es-EC_0487,A
es-EC_0488,B
es-EC_0489,A
es-EC_0490,A
es-EC_0491,A
es-EC_0492,A
es-EC_0493,A
es-EC_0494,A
es-EC_0495,A
es-EC_0496,A
es-EC_0497,A
es-EC_0498,A
es-EC_0499,A
es-EC_0500,A
es-EC_0501,A
es-EC_0502,A
es-EC_0503,A
es-EC_0504,A
es-EC_0505,C
es-EC_0506,C
es-EC_0507,C
es-EC_0508,A
es-EC_0509,A
es-EC_0510,C
es-EC_0511,A
es-EC_0512,A
es-EC_0513,A
es-EC_0514,D
es-EC_0515,A
es-EC_0516,A
es-EC_0517,A
es-EC_0518,A
es-EC_0519,A
es-EC_0520,A
es-EC_0521,A
es-EC_0522,A
es-EC_0523,A
es-EC_0524,A
es-EC_0525,B
es-EC_0526,B
es-EC_0527,C
es-EC_0528,B
es-EC_0529,C
es-EC_0530,C
es-EC_0531,A
es-EC_0532,A
es-EC_0533,C
es-EC_0534,D
es-EC_0535,B
es-EC_0536,D
es-EC_0537,D
es-EC_0538,D
es-EC_0539,B
es-EC_0540,B
es-EC_0541,C
es-EC_0542,C
es-EC_0543,C
es-EC_0544,B
es-EC_0545,C
es-EC_0546,C
es-EC_0547,C
es-EC_0548,C
es-EC_0549,D
es-EC_0550,C
es-EC_0551,D
es-EC_0552,C
es-EC_0553,C
es-EC_0554,D
es-EC_0555,C
es-EC_0556,D
es-EC_0557,C
es-EC_0558,C
es-EC_0559,D
es-EC_0560,C
es-EC_0561,C
es-EC_0562,A
es-EC_0563,A
es-EC_0564,A
es-EC_0565,B
es-EC_0566,B
es-EC_0567,A
es-EC_0568,A
es-EC_0569,D
es-EC_0570,A
es-EC_0571,C
es-EC_0572,C
es-EC_0573,D
es-EC_0574,D
es-EC_0575,D
es-EC_0576,C
es-EC_0577,B
es-EC_0578,C
es-EC_0579,C
es-EC_0580,C
es-EC_0581,B
es-EC_0582,C
es-EC_0583,C
es-EC_0584,C
es-EC_0585,B
es-EC_0586,D
es-EC_0587,D
es-EC_0588,C
es-EC_0589,D
es-EC_0590,C
es-EC_0591,C
es-EC_0592,B
es-EC_0593,C
es-EC_0594,C
es-EC_0595,C
es-EC_0596,B
es-EC_0597,A
es-EC_0598,C
es-EC_0599,C
es-EC_0600,B
es-EC_0601,D
es-EC_0602,D
es-EC_0603,A
es-EC_0604,D
es-EC_0605,C
es-EC_0606,C
es-EC_0607,B
es-EC_0608,B
es-EC_0609,B
es-EC_0610,A
es-EC_0611,C
es-EC_0612,C
es-EC_0613,B
es-EC_0614,C
es-EC_0615,B
es-EC_0616,B
es-EC_0617,C
es-EC_0618,C
es-EC_0619,B
es-EC_0620,C
es-EC_0621,B
es-EC_0622,B
es-EC_0623,D
es-EC_0624,C
es-EC_0625,C
es-EC_0626,C
es-EC_0627,C
es-EC_0628,C
es-EC_0629,D
es-EC_0630,D
es-EC_0631,D
es-EC_0632,C
es-EC_0633,B
es-EC_0634,C
es-EC_0635,C
es-EC_0636,C
es-EC_0637,B
es-EC_0638,C
es-EC_0639,C
es-EC_0640,C
es-EC_0641,B
es-EC_0642,D
es-EC_0643,D
es-EC_0644,C
es-EC_0645,D
es-EC_0646,C
es-EC_0647,C
es-EC_0648,B
es-EC_0649,C
es-EC_0650,C
es-EC_0651,C
es-EC_0652,B
es-EC_0653,C
es-EC_0654,C
es-EC_0655,C
es-EC_0656,B
es-EC_0657,D
es-EC_0658,D
es-EC_0659,C
es-EC_0660,D
es-EC_0661,C
es-EC_0662,C
es-EC_0663,B
es-EC_0664,B
es-EC_0665,B
es-EC_0666,A
es-EC_0667,C
es-EC_0668,C
es-EC_0669,B
es-EC_0670,C
es-EC_0671,B
es-EC_0672,B
es-EC_0673,C
es-EC_0674,C
es-EC_0675,B
es-EC_0676,C
es-EC_0677,B
es-EC_0678,B
es-EC_0679,D
es-EC_0680,C
es-EC_0681,C
es-EC_0682,C
es-EC_0683,C
es-EC_0684,C
es-EC_0685,D
es-EC_0686,D
es-EC_0687,B
es-EC_0688,B
es-EC_0689,C
es-EC_0690,B
es-EC_0691,B
es-EC_0692,C
es-EC_0693,C
es-EC_0694,C
es-EC_0695,A
es-EC_0696,A
es-EC_0697,A
es-EC_0698,A
es-EC_0699,A
es-EC_0700,B
es-EC_0701,B
es-EC_0702,B
es-EC_0703,D
es-EC_0704,A
es-EC_0705,C
es-EC_0706,C
es-EC_0707,B
es-EC_0708,B
es-EC_0709,A
es-EC_0710,B
es-EC_0711,C
es-EC_0712,C
es-EC_0713,D
es-EC_0714,D
es-EC_0715,D
es-EC_0716,D
es-EC_0717,D
es-EC_0718,D
es-EC_0719,D
es-EC_0720,D
es-EC_0721,D
es-EC_0722,D
es-EC_0723,A
es-EC_0724,B
es-EC_0725,B
es-EC_0726,B
es-EC_0727,C
es-EC_0728,D
es-EC_0729,A
es-EC_0730,A
es-EC_0731,A
es-EC_0732,C
es-EC_0733,B
es-EC_0734,A
es-EC_0735,C
es-EC_0736,B
es-EC_0737,C
es-EC_0738,D
es-EC_0739,B
es-EC_0740,B
es-EC_0741,B
es-EC_0742,A
es-EC_0743,D
es-EC_0744,C
es-EC_0745,D
es-EC_0746,D
es-EC_0747,D
es-EC_0748,D
es-EC_0749,B
es-EC_0750,C
es-EC_0751,C
es-EC_0752,C
es-EC_0753,B
es-EC_0754,B
es-EC_0755,B
es-EC_0756,B
es-EC_0757,D
es-EC_0758,C
es-EC_0759,C
es-EC_0760,C
es-EC_0761,C
es-EC_0762,C
es-EC_0763,C
es-EC_0764,C
es-EC_0765,C
es-EC_0766,B
es-EC_0767,B
es-EC_0768,B
es-EC_0769,B
es-EC_0770,B
es-EC_0771,B
es-EC_0772,C
es-EC_0773,B
es-EC_0774,B
es-EC_0775,B
es-EC_0776,B
es-EC_0777,B
es-EC_0778,B
es-EC_0779,B
es-EC_0780,B
es-EC_0781,A
es-EC_0782,A
es-EC_0783,A
es-EC_0784,A
es-EC_0785,A
es-EC_0786,A
es-EC_0787,C
es-EC_0788,C
es-EC_0789,C
es-EC_0790,C
es-EC_0791,B
es-EC_0792,B
es-EC_0793,B
es-EC_0794,B
es-EC_0795,B
es-EC_0796,B
es-EC_0797,B
es-EC_0798,B
es-EC_0799,B
es-EC_0800,B
es-EC_0801,B
es-EC_0802,B
es-EC_0803,A
es-EC_0804,A
es-EC_0805,A
es-EC_0806,A
es-EC_0807,D
es-EC_0808,D
es-EC_0809,D
es-EC_0810,D
es-EC_0811,D
es-EC_0812,D
es-EC_0813,D
es-EC_0814,D
es-EC_0815,D
es-EC_0816,A
es-EC_0817,A
es-EC_0818,C
es-EC_0819,C
es-EC_0820,A
es-EC_0821,A
es-EC_0822,C
es-EC_0823,A
es-EC_0824,C
es-EC_0825,C
es-EC_0826,C
es-EC_0827,A
es-EC_0828,A
es-EC_0829,A
es-EC_0830,A
es-EC_0831,A
es-EC_0832,A
es-EC_0833,A
es-EC_0834,A
es-EC_0835,A
es-EC_0836,D
es-EC_0837,D
es-EC_0838,D
es-EC_0839,C
es-EC_0840,D
es-EC_0841,D
es-EC_0842,D
es-EC_0843,D
es-EC_0844,D
es-EC_0845,D
es-EC_0846,D
es-EC_0847,D
es-EC_0848,C
es-EC_0849,C
es-EC_0850,C
es-EC_0851,D
es-EC_0852,B
es-EC_0853,C
es-EC_0854,C
es-EC_0855,A
es-EC_0856,A
es-EC_0857,A
es-EC_0858,A
es-EC_0859,C
es-EC_0860,B
es-EC_0861,B
es-EC_0862,B
es-EC_0863,B
es-EC_0864,B
es-EC_0865,D
es-EC_0866,C
es-EC_0867,C
es-EC_0868,A
es-EC_0869,A
es-EC_0870,A
es-EC_0871,C
es-EC_0872,C
es-EC_0873,B
es-EC_0874,B
es-EC_0875,B
es-EC_0876,B
es-EC_0877,B
es-EC_0878,B
es-EC_0879,A
es-EC_0880,A
es-EC_0881,A
es-EC_0882,C
es-EC_0883,C
es-EC_0884,C
es-EC_0885,B
es-EC_0886,B
es-EC_0887,B
es-EC_0888,B
es-EC_0889,B
es-EC_0890,B
es-EC_0891,A
es-EC_0892,A
es-EC_0893,B
es-EC_0894,C
es-EC_0895,B
es-EC_0896,B
es-EC_0897,C
es-EC_0898,D
es-EC_0899,D
es-EC_0900,D
es-EC_0901,D
es-EC_0902,D
es-EC_0903,C
es-EC_0904,B
es-EC_0905,B
es-EC_0906,C
es-EC_0907,C
es-EC_0908,B
es-EC_0909,D
es-EC_0910,D
es-EC_0911,D
es-EC_0912,D
es-EC_0913,D
es-EC_0914,C
es-EC_0915,C
es-EC_0916,C
es-EC_0917,B
es-EC_0918,B
es-EC_0919,B
es-EC_0920,A
es-EC_0921,C
es-EC_0922,D
es-EC_0923,C
es-EC_0924,D
es-EC_0925,C
es-EC_0926,C
es-EC_0927,B
es-EC_0928,C
es-EC_0929,B
es-EC_0930,C
es-EC_0931,D
es-EC_0932,C
es-EC_0933,C
es-EC_0934,B
es-EC_0935,C
es-EC_0936,C
es-EC_0937,B
es-EC_0938,C
es-EC_0939,B
es-EC_0940,C
es-EC_0941,D
es-EC_0942,C
es-EC_0943,C
es-EC_0944,B
es-EC_0945,C
es-EC_0946,B
es-EC_0947,C
es-EC_0948,B
es-EC_0949,B
es-EC_0950,A
es-EC_0951,B
es-EC_0952,C
es-EC_0953,B
es-EC_0954,C
es-EC_0955,B
es-EC_0956,B
es-EC_0957,A
es-EC_0958,A
es-EC_0959,A
es-EC_0960,A
es-EC_0961,C
es-EC_0962,C
es-EC_0963,B
es-EC_0964,A
es-EC_0965,A
es-EC_0966,D
es-EC_0967,B
es-EC_0968,B
es-EC_0969,A
es-EC_0970,A
es-EC_0971,A
es-EC_0972,A
es-EC_0973,C
es-EC_0974,B
es-EC_0975,B
es-EC_0976,A
es-EC_0977,A
bg-BG_0001,A
bg-BG_0002,C
bg-BG_0003,C
bg-BG_0004,B
bg-BG_0005,B
bg-BG_0006,B
bg-BG_0007,C
bg-BG_0008,C
bg-BG_0009,C
bg-BG_0010,B
bg-BG_0011,B
bg-BG_0012,B
bg-BG_0013,B
bg-BG_0014,B
bg-BG_0015,B
bg-BG_0016,A
bg-BG_0017,A
bg-BG_0018,A
bg-BG_0019,B
bg-BG_0020,B
bg-BG_0021,B
bg-BG_0022,A
bg-BG_0023,C
bg-BG_0024,C
bg-BG_0025,B
bg-BG_0026,C
bg-BG_0027,C
bg-BG_0028,C
bg-BG_0029,B
bg-BG_0030,B
bg-BG_0031,C
bg-BG_0032,C
bg-BG_0033,C
bg-BG_0034,C
bg-BG_0035,B
bg-BG_0036,C
bg-BG_0037,C
bg-BG_0038,B
bg-BG_0039,C
bg-BG_0040,B
bg-BG_0041,D
bg-BG_0042,D
bg-BG_0043,D
bg-BG_0044,C
bg-BG_0045,D
bg-BG_0046,D
bg-BG_0047,C
bg-BG_0048,D
bg-BG_0049,C
bg-BG_0050,D
bg-BG_0051,D
bg-BG_0052,C
bg-BG_0053,D
bg-BG_0054,D
bg-BG_0055,C
bg-BG_0056,D
bg-BG_0057,C
bg-BG_0058,D
bg-BG_0059,C
bg-BG_0060,D
bg-BG_0061,D
bg-BG_0062,C
bg-BG_0063,D
bg-BG_0064,C
bg-BG_0065,C
bg-BG_0066,D
bg-BG_0067,D
bg-BG_0068,C
bg-BG_0069,D
bg-BG_0070,C
bg-BG_0071,C
bg-BG_0072,C
bg-BG_0073,B
bg-BG_0074,C
bg-BG_0075,B
bg-BG_0076,D
bg-BG_0077,C
bg-BG_0078,D
bg-BG_0079,C
bg-BG_0080,C
bg-BG_0081,D
bg-BG_0082,C
bg-BG_0083,C
bg-BG_0084,B
bg-BG_0085,C
bg-BG_0086,C
bg-BG_0087,C
bg-BG_0088,C
bg-BG_0089,B
bg-BG_0090,C
bg-BG_0091,C
bg-BG_0092,B
bg-BG_0093,C
bg-BG_0094,B
bg-BG_0095,C
bg-BG_0096,C
bg-BG_0097,B
bg-BG_0098,C
bg-BG_0099,C
bg-BG_0100,B
bg-BG_0101,C
bg-BG_0102,B
bg-BG_0103,C
bg-BG_0104,B
bg-BG_0105,C
bg-BG_0106,C
bg-BG_0107,B
bg-BG_0108,C
bg-BG_0109,B
bg-BG_0110,B
bg-BG_0111,C
bg-BG_0112,C
bg-BG_0113,B
bg-BG_0114,C
bg-BG_0115,B
bg-BG_0116,B
bg-BG_0117,B
bg-BG_0118,A
bg-BG_0119,B
bg-BG_0120,A
bg-BG_0121,C
bg-BG_0122,B
bg-BG_0123,C
bg-BG_0124,B
bg-BG_0125,B
bg-BG_0126,C
bg-BG_0127,B
bg-BG_0128,B
bg-BG_0129,A
bg-BG_0130,B
bg-BG_0131,D
bg-BG_0132,D
bg-BG_0133,C
bg-BG_0134,D
bg-BG_0135,D
bg-BG_0136,C
bg-BG_0137,D
bg-BG_0138,C
bg-BG_0139,D
bg-BG_0140,C
bg-BG_0141,D
bg-BG_0142,D
bg-BG_0143,C
bg-BG_0144,D
bg-BG_0145,C
bg-BG_0146,C
bg-BG_0147,D
bg-BG_0148,D
bg-BG_0149,C
bg-BG_0150,D
bg-BG_0151,C
bg-BG_0152,C
bg-BG_0153,C
bg-BG_0154,B
bg-BG_0155,C
bg-BG_0156,B
bg-BG_0157,D
bg-BG_0158,C
bg-BG_0159,D
bg-BG_0160,C
bg-BG_0161,C
bg-BG_0162,D
bg-BG_0163,C
bg-BG_0164,C
bg-BG_0165,B
bg-BG_0166,C
bg-BG_0167,D
bg-BG_0168,C
bg-BG_0169,D
bg-BG_0170,D
bg-BG_0171,C
bg-BG_0172,D
bg-BG_0173,C
bg-BG_0174,C
bg-BG_0175,D
bg-BG_0176,D
bg-BG_0177,C
bg-BG_0178,D
bg-BG_0179,C
bg-BG_0180,C
bg-BG_0181,C
bg-BG_0182,B
bg-BG_0183,C
bg-BG_0184,B
bg-BG_0185,D
bg-BG_0186,C
bg-BG_0187,D
bg-BG_0188,C
bg-BG_0189,C
bg-BG_0190,D
bg-BG_0191,C
bg-BG_0192,C
bg-BG_0193,B
bg-BG_0194,C
bg-BG_0195,C
bg-BG_0196,D
bg-BG_0197,D
bg-BG_0198,C
bg-BG_0199,D
bg-BG_0200,C
bg-BG_0201,C
bg-BG_0202,C
bg-BG_0203,B
bg-BG_0204,C
bg-BG_0205,B
bg-BG_0206,D
bg-BG_0207,C
bg-BG_0208,D
bg-BG_0209,C
bg-BG_0210,C
bg-BG_0211,A
bg-BG_0212,C
bg-BG_0213,C
bg-BG_0214,B
bg-BG_0215,C
bg-BG_0216,C
bg-BG_0217,C
bg-BG_0218,B
bg-BG_0219,C
bg-BG_0220,B
bg-BG_0221,D
bg-BG_0222,C
bg-BG_0223,D
bg-BG_0224,C
bg-BG_0225,C
bg-BG_0226,D
bg-BG_0227,C
bg-BG_0228,C
bg-BG_0229,B
bg-BG_0230,C
bg-BG_0231,A
bg-BG_0232,B
bg-BG_0233,C
bg-BG_0234,B
bg-BG_0235,B
bg-BG_0236,C
bg-BG_0237,B
bg-BG_0238,B
bg-BG_0239,A
bg-BG_0240,B
bg-BG_0241,C
bg-BG_0242,D
bg-BG_0243,C
bg-BG_0244,C
bg-BG_0245,B
bg-BG_0246,C
bg-BG_0247,C
bg-BG_0248,B
bg-BG_0249,C
bg-BG_0250,B
bg-BG_0251,B
bg-BG_0252,A
bg-BG_0253,C
bg-BG_0254,A
bg-BG_0255,D
bg-BG_0256,D
bg-BG_0257,D
bg-BG_0258,D
bg-BG_0259,C
bg-BG_0260,C
bg-BG_0261,D
bg-BG_0262,D
bg-BG_0263,D
bg-BG_0264,D
bg-BG_0265,A
bg-BG_0266,A
bg-BG_0267,D
bg-BG_0268,C
bg-BG_0269,C
bg-BG_0270,C
bg-BG_0271,C
bg-BG_0272,D
bg-BG_0273,C
bg-BG_0274,B
bg-BG_0275,B
bg-BG_0276,B
bg-BG_0277,C
bg-BG_0278,B
bg-BG_0279,B
bg-BG_0280,B
bg-BG_0281,C
bg-BG_0282,B
bg-BG_0283,B
bg-BG_0284,C
bg-BG_0285,B
bg-BG_0286,C
bg-BG_0287,B
bg-BG_0288,C
bg-BG_0289,B
bg-BG_0290,B
bg-BG_0291,B
bg-BG_0292,C
bg-BG_0293,B
bg-BG_0294,B
bg-BG_0295,B
bg-BG_0296,C
bg-BG_0297,B
bg-BG_0298,B
bg-BG_0299,C
bg-BG_0300,B
bg-BG_0301,C
bg-BG_0302,B
bg-BG_0303,C
bg-BG_0304,A
bg-BG_0305,A
bg-BG_0306,B
bg-BG_0307,A
bg-BG_0308,A
bg-BG_0309,B
bg-BG_0310,A
bg-BG_0311,B
bg-BG_0312,A
bg-BG_0313,B
bg-BG_0314,A
bg-BG_0315,B
bg-BG_0316,A
bg-BG_0317,B
bg-BG_0318,A
bg-BG_0319,B
bg-BG_0320,B
bg-BG_0321,A
bg-BG_0322,B
bg-BG_0323,B
bg-BG_0324,B
bg-BG_0325,C
bg-BG_0326,A
bg-BG_0327,A
bg-BG_0328,D
bg-BG_0329,D
bg-BG_0330,D
bg-BG_0331,B
bg-BG_0332,A
bg-BG_0333,B
bg-BG_0334,A
bg-BG_0335,A
bg-BG_0336,A
bg-BG_0337,A
bg-BG_0338,A
bg-BG_0339,B
bg-BG_0340,B
bg-BG_0341,C
bg-BG_0342,A
bg-BG_0343,B
bg-BG_0344,A
bg-BG_0345,B
bg-BG_0346,A
bg-BG_0347,A
bg-BG_0348,A
bg-BG_0349,A
bg-BG_0350,A
bg-BG_0351,A
bg-BG_0352,A
bg-BG_0353,A
bg-BG_0354,A
bg-BG_0355,C
bg-BG_0356,C
bg-BG_0357,C
bg-BG_0358,A
bg-BG_0359,A
bg-BG_0360,A
bg-BG_0361,A
bg-BG_0362,D
bg-BG_0363,D
bg-BG_0364,D
bg-BG_0365,D
bg-BG_0366,D
bg-BG_0367,C
bg-BG_0368,B
bg-BG_0369,C
bg-BG_0370,C
bg-BG_0371,B
bg-BG_0372,B
bg-BG_0373,C
bg-BG_0374,B
bg-BG_0375,A
bg-BG_0376,C
bg-BG_0377,C
bg-BG_0378,D
bg-BG_0379,C
bg-BG_0380,C
bg-BG_0381,C
bg-BG_0382,D
bg-BG_0383,C
bg-BG_0384,B
bg-BG_0385,C
bg-BG_0386,B
bg-BG_0387,C
bg-BG_0388,B
bg-BG_0389,C
bg-BG_0390,C
bg-BG_0391,B
bg-BG_0392,B
bg-BG_0393,C
bg-BG_0394,B
bg-BG_0395,B
bg-BG_0396,B
bg-BG_0397,C
bg-BG_0398,B
bg-BG_0399,A
bg-BG_0400,B
bg-BG_0401,A
bg-BG_0402,B
bg-BG_0403,A
bg-BG_0404,B
bg-BG_0405,C
bg-BG_0406,C
bg-BG_0407,D
bg-BG_0408,C
bg-BG_0409,B
bg-BG_0410,C
bg-BG_0411,B
bg-BG_0412,C
bg-BG_0413,B
bg-BG_0414,C
bg-BG_0415,B
bg-BG_0416,C
bg-BG_0417,B
bg-BG_0418,C
bg-BG_0419,B
bg-BG_0420,C
bg-BG_0421,B
bg-BG_0422,A
bg-BG_0423,B
bg-BG_0424,B
bg-BG_0425,A
bg-BG_0426,A
bg-BG_0427,A
bg-BG_0428,B
bg-BG_0429,A
bg-BG_0430,B
bg-BG_0431,A
bg-BG_0432,A
bg-BG_0433,C
bg-BG_0434,C
bg-BG_0435,A
bg-BG_0436,A
bg-BG_0437,A
bg-BG_0438,A
bg-BG_0439,A
bg-BG_0440,A
bg-BG_0441,A
bg-BG_0442,A
bg-BG_0443,A
bg-BG_0444,A
bg-BG_0445,A
bg-BG_0446,C
bg-BG_0447,A
bg-BG_0448,C
bg-BG_0449,A
bg-BG_0450,B
bg-BG_0451,C
bg-BG_0452,B
bg-BG_0453,B
bg-BG_0454,A
bg-BG_0455,B
bg-BG_0456,B
bg-BG_0457,C
bg-BG_0458,C
bg-BG_0459,D
bg-BG_0460,A
bg-BG_0461,C
bg-BG_0462,C
bg-BG_0463,B
bg-BG_0464,C
bg-BG_0465,B
bg-BG_0466,C
bg-BG_0467,D
bg-BG_0468,A
bg-BG_0469,A
bg-BG_0470,A
bg-BG_0471,A
bg-BG_0472,B
bg-BG_0473,B
bg-BG_0474,A
bg-BG_0475,A
bg-BG_0476,A
bg-BG_0477,A
bg-BG_0478,A
bg-BG_0479,A
bg-BG_0480,A
bg-BG_0481,A
bg-BG_0482,A
bg-BG_0483,A
bg-BG_0484,A
bg-BG_0485,A
bg-BG_0486,A
bg-BG_0487,A
bg-BG_0488,A
bg-BG_0489,A
bg-BG_0490,A
bg-BG_0491,B
bg-BG_0492,B
bg-BG_0493,B
bg-BG_0494,C
bg-BG_0495,A
bg-BG_0496,A
bg-BG_0497,B
bg-BG_0498,A
bg-BG_0499,B
bg-BG_0500,B
bg-BG_0501,B
bg-BG_0502,B
bg-BG_0503,C
bg-BG_0504,B
bg-BG_0505,C
bg-BG_0506,C
bg-BG_0507,A
bg-BG_0508,B
bg-BG_0509,B
bg-BG_0510,B
bg-BG_0511,B
bg-BG_0512,B
bg-BG_0513,C
bg-BG_0514,B
bg-BG_0515,B
bg-BG_0516,C
bg-BG_0517,A
bg-BG_0518,B
bg-BG_0519,C
bg-BG_0520,B
bg-BG_0521,B
bg-BG_0522,B
bg-BG_0523,B
bg-BG_0524,A
bg-BG_0525,A
bg-BG_0526,A
bg-BG_0527,B
bg-BG_0528,B
bg-BG_0529,B
bg-BG_0530,A
bg-BG_0531,A
bg-BG_0532,A
bg-BG_0533,C
bg-BG_0534,B
bg-BG_0535,B
bg-BG_0536,B
bg-BG_0537,C
bg-BG_0538,C
bg-BG_0539,C
bg-BG_0540,B
bg-BG_0541,B
bg-BG_0542,B
bg-BG_0543,B
bg-BG_0544,B
bg-BG_0545,B
bg-BG_0546,A
bg-BG_0547,A
bg-BG_0548,A
bg-BG_0549,B
bg-BG_0550,B
bg-BG_0551,B
bg-BG_0552,A
bg-BG_0553,B
bg-BG_0554,B
bg-BG_0555,B
bg-BG_0556,B
bg-BG_0557,B
bg-BG_0558,B
bg-BG_0559,B
bg-BG_0560,B
bg-BG_0561,B
bg-BG_0562,B
bg-BG_0563,B
bg-BG_0564,B
bg-BG_0565,B
bg-BG_0566,B
bg-BG_0567,B
bg-BG_0568,A
bg-BG_0569,A
bg-BG_0570,A
bg-BG_0571,A
bg-BG_0572,A
bg-BG_0573,A
bg-BG_0574,A
bg-BG_0575,A
bg-BG_0576,A
bg-BG_0577,A
bg-BG_0578,A
bg-BG_0579,A
bg-BG_0580,A
bg-BG_0581,A
bg-BG_0582,A
bg-BG_0583,A
bg-BG_0584,A
bg-BG_0585,A
bg-BG_0586,A
bg-BG_0587,A
bg-BG_0588,A
bg-BG_0589,B
bg-BG_0590,A
bg-BG_0591,D
bg-BG_0592,A
bg-BG_0593,A
bg-BG_0594,A
bg-BG_0595,A
bg-BG_0596,D
bg-BG_0597,A
bg-BG_0598,A
bg-BG_0599,A
bg-BG_0600,A
bg-BG_0601,D
bg-BG_0602,D
bg-BG_0603,C
bg-BG_0604,D
bg-BG_0605,A
bg-BG_0606,A
bg-BG_0607,A
bg-BG_0608,A
bg-BG_0609,A
bg-BG_0610,A
bg-BG_0611,D
bg-BG_0612,A
bg-BG_0613,A
bg-BG_0614,A
bg-BG_0615,A
bg-BG_0616,D
bg-BG_0617,D
bg-BG_0618,C
bg-BG_0619,D
bg-BG_0620,A
bg-BG_0621,A
bg-BG_0622,A
bg-BG_0623,A
bg-BG_0624,A
bg-BG_0625,A
bg-BG_0626,D
bg-BG_0627,D
bg-BG_0628,C
bg-BG_0629,D
bg-BG_0630,A
bg-BG_0631,A
bg-BG_0632,A
bg-BG_0633,A
bg-BG_0634,A
bg-BG_0635,A
bg-BG_0636,D
bg-BG_0637,C
bg-BG_0638,D
bg-BG_0639,C
bg-BG_0640,D
bg-BG_0641,C
bg-BG_0642,A
bg-BG_0643,A
bg-BG_0644,A
bg-BG_0645,A
bg-BG_0646,A
bg-BG_0647,A
bg-BG_0648,A
ta-LK_0001,A
ta-LK_0002,C
ta-LK_0003,A
ta-LK_0004,C
ta-LK_0005,C
ta-LK_0006,B
ta-LK_0007,C
ta-LK_0008,D
ta-LK_0009,C
ta-LK_0010,D
ta-LK_0011,C
ta-LK_0012,D
ta-LK_0013,C
ta-LK_0014,C
ta-LK_0015,B
ta-LK_0016,C
ta-LK_0017,B
ta-LK_0018,C
ta-LK_0019,B
ta-LK_0020,C
ta-LK_0021,D
ta-LK_0022,C
ta-LK_0023,C
ta-LK_0024,C
ta-LK_0025,B
ta-LK_0026,B
ta-LK_0027,B
ta-LK_0028,C
ta-LK_0029,C
ta-LK_0030,C
ta-LK_0031,B
ta-LK_0032,B
ta-LK_0033,B
ta-LK_0034,B
ta-LK_0035,B
ta-LK_0036,B
ta-LK_0037,A
ta-LK_0038,A
ta-LK_0039,A
ta-LK_0040,B
ta-LK_0041,B
ta-LK_0042,B
ta-LK_0043,A
ta-LK_0044,C
ta-LK_0045,C
ta-LK_0046,B
ta-LK_0047,C
ta-LK_0048,B
ta-LK_0049,B
ta-LK_0050,A
ta-LK_0051,D
ta-LK_0052,D
ta-LK_0053,D
ta-LK_0054,D
ta-LK_0055,D
ta-LK_0056,D
ta-LK_0057,D
ta-LK_0058,D
ta-LK_0059,D
ta-LK_0060,D
ta-LK_0061,B
ta-LK_0062,D
ta-LK_0063,D
ta-LK_0064,D
ta-LK_0065,D
ta-LK_0066,D
ta-LK_0067,C
ta-LK_0068,C
ta-LK_0069,C
ta-LK_0070,C
ta-LK_0071,C
ta-LK_0072,C
ta-LK_0073,B
ta-LK_0074,B
ta-LK_0075,B
ta-LK_0076,C
ta-LK_0077,C
ta-LK_0078,C
ta-LK_0079,B
ta-LK_0080,B
ta-LK_0081,B
ta-LK_0082,B
ta-LK_0083,B
ta-LK_0084,B
ta-LK_0085,A
ta-LK_0086,B
ta-LK_0087,C
ta-LK_0088,C
ta-LK_0089,C
ta-LK_0090,C
ta-LK_0091,C
ta-LK_0092,C
ta-LK_0093,D
ta-LK_0094,D
ta-LK_0095,D
ta-LK_0096,B
ta-LK_0097,B
ta-LK_0098,B
ta-LK_0099,C
ta-LK_0100,C
ta-LK_0101,C
ta-LK_0102,C
ta-LK_0103,C
ta-LK_0104,C
ta-LK_0105,D
ta-LK_0106,A
ta-LK_0107,A
ta-LK_0108,B
ta-LK_0109,A
ta-LK_0110,A
ta-LK_0111,B
ta-LK_0112,A
ta-LK_0113,A
ta-LK_0114,A
ta-LK_0115,A
ta-LK_0116,A
ta-LK_0117,B
ta-LK_0118,A
ta-LK_0119,A
ta-LK_0120,B
ta-LK_0121,A
ta-LK_0122,A
ta-LK_0123,A
ta-LK_0124,A
ta-LK_0125,B
ta-LK_0126,A
ta-LK_0127,A
ta-LK_0128,B
ta-LK_0129,A
ta-LK_0130,A
ta-LK_0131,A
ta-LK_0132,A
ta-LK_0133,B
ta-LK_0134,B
ta-LK_0135,C
ta-LK_0136,B
ta-LK_0137,B
ta-LK_0138,B
ta-LK_0139,B
ta-LK_0140,A
ta-LK_0141,B
ta-LK_0142,A
ta-LK_0143,A
ta-LK_0144,A
ta-LK_0145,A
ta-LK_0146,B
ta-LK_0147,A
ta-LK_0148,A
ta-LK_0149,A
ta-LK_0150,A
ta-LK_0151,B
ta-LK_0152,B
ta-LK_0153,B
ta-LK_0154,B
ta-LK_0155,A
ta-LK_0156,A
ta-LK_0157,A
ta-LK_0158,A
ta-LK_0159,A
ta-LK_0160,A
ta-LK_0161,A
ta-LK_0162,B
ta-LK_0163,A
ta-LK_0164,A
ta-LK_0165,B
ta-LK_0166,A
ta-LK_0167,A
ta-LK_0168,A
ta-LK_0169,A
ta-LK_0170,B
ta-LK_0171,A
ta-LK_0172,A
ta-LK_0173,B
ta-LK_0174,A
ta-LK_0175,A
ta-LK_0176,A
ta-LK_0177,A
ta-LK_0178,B
ta-LK_0179,B
ta-LK_0180,C
ta-LK_0181,B
ta-LK_0182,B
ta-LK_0183,B
ta-LK_0184,B
ta-LK_0185,A
ta-LK_0186,B
ta-LK_0187,A
ta-LK_0188,A
ta-LK_0189,A
ta-LK_0190,A
ta-LK_0191,B
ta-LK_0192,A
ta-LK_0193,A
ta-LK_0194,A
ta-LK_0195,A
ta-LK_0196,B
ta-LK_0197,B
ta-LK_0198,B
ta-LK_0199,B
ta-LK_0200,A
ta-LK_0201,A
ta-LK_0202,A
ta-LK_0203,A
ta-LK_0204,A
ta-LK_0205,A
ta-LK_0206,B
ta-LK_0207,A
ta-LK_0208,A
ta-LK_0209,B
ta-LK_0210,A
ta-LK_0211,A
ta-LK_0212,A
ta-LK_0213,A
ta-LK_0214,B
ta-LK_0215,B
ta-LK_0216,C
ta-LK_0217,B
ta-LK_0218,B
ta-LK_0219,B
ta-LK_0220,B
ta-LK_0221,A
ta-LK_0222,B
ta-LK_0223,A
ta-LK_0224,A
ta-LK_0225,A
ta-LK_0226,A
ta-LK_0227,B
ta-LK_0228,A
ta-LK_0229,A
ta-LK_0230,A
ta-LK_0231,A
ta-LK_0232,B
ta-LK_0233,B
ta-LK_0234,B
ta-LK_0235,B
ta-LK_0236,A
ta-LK_0237,A
ta-LK_0238,A
ta-LK_0239,A
ta-LK_0240,A
ta-LK_0241,A
ta-LK_0242,B
ta-LK_0243,B
ta-LK_0244,C
ta-LK_0245,B
ta-LK_0246,B
ta-LK_0247,B
ta-LK_0248,B
ta-LK_0249,A
ta-LK_0250,B
ta-LK_0251,A
ta-LK_0252,A
ta-LK_0253,A
ta-LK_0254,A
ta-LK_0255,B
ta-LK_0256,A
ta-LK_0257,A
ta-LK_0258,A
ta-LK_0259,A
ta-LK_0260,B
ta-LK_0261,B
ta-LK_0262,B
ta-LK_0263,B
ta-LK_0264,A
ta-LK_0265,A
ta-LK_0266,A
ta-LK_0267,A
ta-LK_0268,A
ta-LK_0269,A
ta-LK_0270,B
ta-LK_0271,C
ta-LK_0272,B
ta-LK_0273,B
ta-LK_0274,B
ta-LK_0275,B
ta-LK_0276,C
ta-LK_0277,B
ta-LK_0278,B
ta-LK_0279,B
ta-LK_0280,B
ta-LK_0281,C
ta-LK_0282,C
ta-LK_0283,C
ta-LK_0284,C
ta-LK_0285,B
ta-LK_0286,B
ta-LK_0287,B
ta-LK_0288,B
ta-LK_0289,B
ta-LK_0290,B
ta-LK_0291,B
ta-LK_0292,A
ta-LK_0293,A
ta-LK_0294,A
ta-LK_0295,A
ta-LK_0296,B
ta-LK_0297,B
ta-LK_0298,B
ta-LK_0299,B
ta-LK_0300,A
ta-LK_0301,A
ta-LK_0302,A
ta-LK_0303,A
ta-LK_0304,A
ta-LK_0305,A
ta-LK_0306,B
ta-LK_0307,B
ta-LK_0308,B
ta-LK_0309,B
ta-LK_0310,A
ta-LK_0311,A
ta-LK_0312,A
ta-LK_0313,A
ta-LK_0314,A
ta-LK_0315,A
ta-LK_0316,B
ta-LK_0317,B
ta-LK_0318,B
ta-LK_0319,B
ta-LK_0320,B
ta-LK_0321,B
ta-LK_0322,A
ta-LK_0323,A
ta-LK_0324,A
ta-LK_0325,A
ta-LK_0326,B
ta-LK_0327,C
ta-LK_0328,C
ta-LK_0329,B
ta-LK_0330,B
ta-LK_0331,B
ta-LK_0332,A
ta-LK_0333,B
ta-LK_0334,D
ta-LK_0335,C
ta-LK_0336,D
ta-LK_0337,D
ta-LK_0338,D
ta-LK_0339,C
ta-LK_0340,D
ta-LK_0341,C
ta-LK_0342,D
ta-LK_0343,D
ta-LK_0344,A
ta-LK_0345,C
ta-LK_0346,D
ta-LK_0347,C
ta-LK_0348,C
ta-LK_0349,C
ta-LK_0350,B
ta-LK_0351,C
ta-LK_0352,D
ta-LK_0353,D
ta-LK_0354,C
ta-LK_0355,D
ta-LK_0356,D
ta-LK_0357,C
ta-LK_0358,D
ta-LK_0359,C
ta-LK_0360,D
ta-LK_0361,C
ta-LK_0362,C
ta-LK_0363,D
ta-LK_0364,D
ta-LK_0365,A
ta-LK_0366,C
ta-LK_0367,D
ta-LK_0368,C
ta-LK_0369,C
ta-LK_0370,C
ta-LK_0371,B
ta-LK_0372,C
ta-LK_0373,D
ta-LK_0374,A
ta-LK_0375,C
ta-LK_0376,D
ta-LK_0377,D
ta-LK_0378,C
ta-LK_0379,D
ta-LK_0380,C
ta-LK_0381,D
ta-LK_0382,C
ta-LK_0383,C
ta-LK_0384,C
ta-LK_0385,C
ta-LK_0386,B
ta-LK_0387,C
ta-LK_0388,A
ta-LK_0389,A
ta-LK_0390,C
ta-LK_0391,D
ta-LK_0392,D
ta-LK_0393,C
ta-LK_0394,D
ta-LK_0395,C
ta-LK_0396,D
ta-LK_0397,C
ta-LK_0398,C
ta-LK_0399,C
ta-LK_0400,B
ta-LK_0401,C
ta-LK_0402,C
ta-LK_0403,B
ta-LK_0404,C
ta-LK_0405,B
ta-LK_0406,C
ta-LK_0407,B
ta-LK_0408,D
ta-LK_0409,C
ta-LK_0410,D
ta-LK_0411,C
ta-LK_0412,D
ta-LK_0413,C
ta-LK_0414,C
ta-LK_0415,D
ta-LK_0416,C
ta-LK_0417,C
ta-LK_0418,D
ta-LK_0419,D
ta-LK_0420,A
ta-LK_0421,A
ta-LK_0422,B
ta-LK_0423,B
ta-LK_0424,A
ta-LK_0425,B
ta-LK_0426,B
ta-LK_0427,A
ta-LK_0428,B
ta-LK_0429,A
ta-LK_0430,A
ta-LK_0431,A
ta-LK_0432,D
ta-LK_0433,A
ta-LK_0434,B
ta-LK_0435,A
ta-LK_0436,D
ta-LK_0437,D
ta-LK_0438,D
ta-LK_0439,D
ta-LK_0440,C
ta-LK_0441,D
ta-LK_0442,D
ta-LK_0443,D
ta-LK_0444,B
ta-LK_0445,C
ta-LK_0446,C
ta-LK_0447,B
ta-LK_0448,B
ta-LK_0449,C
ta-LK_0450,C
ta-LK_0451,D
ta-LK_0452,D
ta-LK_0453,C
ta-LK_0454,D
ta-LK_0455,D
ta-LK_0456,C
ta-LK_0457,C
ta-LK_0458,B
ta-LK_0459,C
ta-LK_0460,C
ta-LK_0461,D
ta-LK_0462,C
ta-LK_0463,D
ta-LK_0464,D
ta-LK_0465,C
ta-LK_0466,D
ta-LK_0467,D
ta-LK_0468,C
ta-LK_0469,C
ta-LK_0470,D
ta-LK_0471,C
ta-LK_0472,C
ta-LK_0473,B
ta-LK_0474,C
ta-LK_0475,C
ta-LK_0476,D
ta-LK_0477,C
ta-LK_0478,D
ta-LK_0479,D
ta-LK_0480,C
ta-LK_0481,D
ta-LK_0482,D
ta-LK_0483,C
ta-LK_0484,C
ta-LK_0485,D
ta-LK_0486,C
ta-LK_0487,B
ta-LK_0488,C
ta-LK_0489,C
ta-LK_0490,B
ta-LK_0491,C
ta-LK_0492,C
ta-LK_0493,B
ta-LK_0494,B
ta-LK_0495,C
ta-LK_0496,C
ta-LK_0497,D
ta-LK_0498,D
ta-LK_0499,C
ta-LK_0500,C
ta-LK_0501,D
ta-LK_0502,C
ta-LK_0503,C
ta-LK_0504,D
ta-LK_0505,C
ta-LK_0506,B
ta-LK_0507,A
ta-LK_0508,A
ta-LK_0509,A
ta-LK_0510,A
ta-LK_0511,B
ta-LK_0512,B
ta-LK_0513,C
ta-LK_0514,D
ta-LK_0515,D
ta-LK_0516,D
ta-LK_0517,D
ta-LK_0518,D
ta-LK_0519,C
ta-LK_0520,C
ta-LK_0521,C
ta-LK_0522,C
ta-LK_0523,C
ta-LK_0524,D
ta-LK_0525,D
ta-LK_0526,D
ta-LK_0527,D
ta-LK_0528,D
ta-LK_0529,D
ta-LK_0530,D
ta-LK_0531,D
ta-LK_0532,D
ta-LK_0533,D
ta-LK_0534,C
ta-LK_0535,C
ta-LK_0536,C
ta-LK_0537,C
ta-LK_0538,C
ta-LK_0539,D
ta-LK_0540,D
ta-LK_0541,D
ta-LK_0542,D
ta-LK_0543,D
ta-LK_0544,D
ta-LK_0545,D
ta-LK_0546,D
ta-LK_0547,D
ta-LK_0548,D
ta-LK_0549,C
ta-LK_0550,C
ta-LK_0551,C
ta-LK_0552,C
ta-LK_0553,C
ta-LK_0554,C
ta-LK_0555,C
ta-LK_0556,C
ta-LK_0557,C
ta-LK_0558,C
ta-LK_0559,D
ta-LK_0560,D
ta-LK_0561,D
ta-LK_0562,D
ta-LK_0563,D
ta-LK_0564,D
ta-LK_0565,D
ta-LK_0566,D
ta-LK_0567,D
ta-LK_0568,D
ta-LK_0569,A
ta-LK_0570,C
ta-LK_0571,A
ta-LK_0572,C
ta-LK_0573,A
ta-LK_0574,B
ta-LK_0575,C
ta-LK_0576,A
ta-LK_0577,B
ta-LK_0578,B
ta-LK_0579,C
ta-LK_0580,D
ta-LK_0581,B
ta-LK_0582,C
ta-LK_0583,C
ta-LK_0584,C
ta-LK_0585,D
ta-LK_0586,D
ta-LK_0587,D
ta-LK_0588,D
ta-LK_0589,D
ta-LK_0590,D
ta-LK_0591,D
ta-LK_0592,A
ta-LK_0593,A
ta-LK_0594,A
ta-LK_0595,A
ta-LK_0596,A
ta-LK_0597,A
ta-LK_0598,A
ta-LK_0599,A
ta-LK_0600,A
ta-LK_0601,A
ta-LK_0602,A
ta-LK_0603,A
ta-LK_0604,B
ta-LK_0605,A
ta-LK_0606,A
ta-LK_0607,B
ta-LK_0608,A
ta-LK_0609,B
ta-LK_0610,A
ta-LK_0611,B
ta-LK_0612,A
ta-LK_0613,A
ta-LK_0614,B
ta-LK_0615,B
ta-LK_0616,A
ta-LK_0617,A
ta-LK_0618,B
ta-LK_0619,B
ta-LK_0620,B
ta-LK_0621,A
ta-LK_0622,A
ta-LK_0623,C
ta-LK_0624,C
ta-LK_0625,C
ta-LK_0626,D
ta-LK_0627,D
ta-LK_0628,D
ta-LK_0629,C
ta-LK_0630,C
ta-LK_0631,C
ta-LK_0632,C
ta-LK_0633,D
ta-LK_0634,D
ta-LK_0635,D
ta-LK_0636,D
ta-LK_0637,A
ta-LK_0638,B
ta-LK_0639,A
ta-LK_0640,B
ta-LK_0641,B
ta-LK_0642,A
ta-LK_0643,B
ta-LK_0644,B
ta-LK_0645,C
ta-LK_0646,B
ta-LK_0647,A
ta-LK_0648,D
ta-LK_0649,C
ta-LK_0650,C
ta-LK_0651,C
ta-LK_0652,D
ta-LK_0653,B
ta-LK_0654,A
ta-LK_0655,B
ta-LK_0656,C
ta-LK_0657,B
ta-LK_0658,C
ta-LK_0659,C
ta-LK_0660,B
ta-LK_0661,A
ta-LK_0662,A
ta-LK_0663,A
ta-LK_0664,A
ta-LK_0665,C
ta-LK_0666,C
ta-LK_0667,B
ta-LK_0668,B
ta-LK_0669,B
ta-LK_0670,B
ta-LK_0671,B
ta-LK_0672,B
ta-LK_0673,A
ta-LK_0674,A
ta-LK_0675,A
ta-LK_0676,C
ta-LK_0677,C
ta-LK_0678,D
ta-LK_0679,C
ta-LK_0680,C
ta-LK_0681,B
ta-LK_0682,C
ta-LK_0683,C
ta-LK_0684,D
ta-LK_0685,D
ta-LK_0686,D
ta-LK_0687,A
ta-LK_0688,A
ta-LK_0689,A
ta-LK_0690,A
ta-LK_0691,A
ta-LK_0692,A
ta-LK_0693,A
ta-LK_0694,A
ta-LK_0695,A
ta-LK_0696,A
ta-LK_0697,A
ta-LK_0698,A
ta-LK_0699,A
ta-LK_0700,A
ta-LK_0701,A
ta-LK_0702,A
ta-LK_0703,A
ta-LK_0704,A
ta-LK_0705,A
ta-LK_0706,A
ta-LK_0707,A
ta-LK_0708,B
ta-LK_0709,A
ta-LK_0710,C
ta-LK_0711,C
ta-LK_0712,B
ta-LK_0713,D
ta-LK_0714,D
ta-LK_0715,D
ta-LK_0716,D
ta-LK_0717,D
ta-LK_0718,D
ta-LK_0719,D
ta-LK_0720,C
ta-LK_0721,A
ta-LK_0722,D
ta-LK_0723,C
ta-LK_0724,A
ta-LK_0725,A
ta-LK_0726,A
ta-LK_0727,A
ta-LK_0728,D
ta-LK_0729,D
ta-LK_0730,D
ta-LK_0731,D
ta-LK_0732,D
ta-LK_0733,D
ta-LK_0734,A
ta-LK_0735,A
ta-LK_0736,B
ta-LK_0737,C
ta-LK_0738,B
ta-LK_0739,B
ta-LK_0740,B
ta-LK_0741,B
ta-LK_0742,B
ta-LK_0743,C
ta-LK_0744,C
ta-LK_0745,C
ta-LK_0746,C
ta-LK_0747,C
ta-LK_0748,B
ta-LK_0749,B
ta-LK_0750,B
ta-LK_0751,B
ta-LK_0752,B
ta-LK_0753,B
ta-LK_0754,B
ta-LK_0755,B
ta-LK_0756,B
ta-LK_0757,B
ta-LK_0758,B
ta-LK_0759,B
ta-LK_0760,B
ta-LK_0761,B
ta-LK_0762,B
ta-LK_0763,A
ta-LK_0764,A
ta-LK_0765,A
ta-LK_0766,A
ta-LK_0767,A
ta-LK_0768,A
ta-LK_0769,A
ta-LK_0770,A
ta-LK_0771,A
ta-LK_0772,A
ta-LK_0773,B
ta-LK_0774,B
ta-LK_0775,B
ta-LK_0776,B
ta-LK_0777,B
ta-LK_0778,B
ta-LK_0779,B
ta-LK_0780,B
ta-LK_0781,B
ta-LK_0782,B
ta-LK_0783,A
ta-LK_0784,A
ta-LK_0785,A
ta-LK_0786,A
ta-LK_0787,A
ta-LK_0788,A
ta-LK_0789,A
ta-LK_0790,A
ta-LK_0791,A
ta-LK_0792,A
ta-LK_0793,B
ta-LK_0794,B
ta-LK_0795,A
ta-LK_0796,C
ta-LK_0797,B
ta-LK_0798,B
ta-LK_0799,C
ta-LK_0800,B
ta-LK_0801,B
ta-LK_0802,C
ta-LK_0803,C
ta-LK_0804,B
ta-LK_0805,B
ta-LK_0806,B
ta-LK_0807,B
ta-LK_0808,B
ta-LK_0809,B
ta-LK_0810,A
ta-LK_0811,A
ta-LK_0812,A
ta-LK_0813,C
ta-LK_0814,C
ta-LK_0815,C
ta-LK_0816,B
ta-LK_0817,B
ta-LK_0818,B
ta-LK_0819,B
ta-LK_0820,B
ta-LK_0821,B
ta-LK_0822,A
ta-LK_0823,B
ta-LK_0824,C
ta-LK_0825,C
ta-LK_0826,C
ta-LK_0827,A
ta-LK_0828,C
ta-LK_0829,C
ta-LK_0830,A
ta-LK_0831,C
ta-LK_0832,A
ta-LK_0833,C
ta-LK_0834,A
ta-LK_0835,D
ta-LK_0836,D
ta-LK_0837,D
ta-LK_0838,A
ta-LK_0839,D
ta-LK_0840,D
ta-LK_0841,A
ta-LK_0842,D
ta-LK_0843,A
ta-LK_0844,C
ta-LK_0845,A
ta-LK_0846,C
ta-LK_0847,B
ta-LK_0848,C
ta-LK_0849,A
ta-LK_0850,C
ta-LK_0851,C
ta-LK_0852,C
ta-LK_0853,B
ta-LK_0854,C
ta-LK_0855,C
ta-LK_0856,B
ta-LK_0857,C
ta-LK_0858,B
ta-LK_0859,B
ta-LK_0860,D
ta-LK_0861,D
ta-LK_0862,C
ta-LK_0863,D
ta-LK_0864,C
ta-LK_0865,C
ta-LK_0866,D
ta-LK_0867,C
ta-LK_0868,C
ta-LK_0869,C
ta-LK_0870,D
ta-LK_0871,C
ta-LK_0872,C
ta-LK_0873,C
ta-LK_0874,B
ta-LK_0875,B
ta-LK_0876,A
ta-LK_0877,A
ta-LK_0878,C
ta-LK_0879,B
ta-LK_0880,B
ta-LK_0881,B
ta-LK_0882,C
ta-LK_0883,C
ta-LK_0884,C
ta-LK_0885,B
ta-LK_0886,B
ta-LK_0887,B
ta-LK_0888,B
ta-LK_0889,B
ta-LK_0890,B
ta-LK_0891,A
ta-LK_0892,A
ta-LK_0893,A
ta-LK_0894,B
ta-LK_0895,B
ta-LK_0896,B
ta-LK_0897,A
ta-LK_0898,A
ta-LK_0899,D
ta-LK_0900,D
ta-LK_0901,A
ta-LK_0902,A
ta-LK_0903,A
ta-LK_0904,A
ta-LK_0905,A
ta-LK_0906,D
ta-LK_0907,A
ta-LK_0908,C
ta-LK_0909,B
ta-LK_0910,C
ta-LK_0911,C
ta-LK_0912,C
ta-LK_0913,B
ta-LK_0914,C
ta-LK_0915,D
ta-LK_0916,D
ta-LK_0917,D
ta-LK_0918,C
ta-LK_0919,C
ta-LK_0920,C
ta-LK_0921,C
ta-LK_0922,B
ta-LK_0923,D
ta-LK_0924,D
ta-LK_0925,C
ta-LK_0926,D
ta-LK_0927,C
ta-LK_0928,C
ta-LK_0929,B
ta-LK_0930,C
ta-LK_0931,C
ta-LK_0932,C
ta-LK_0933,B
ta-LK_0934,B
ta-LK_0935,B
ta-LK_0936,B
ta-LK_0937,A
ta-LK_0938,C
ta-LK_0939,C
ta-LK_0940,B
ta-LK_0941,C
ta-LK_0942,B
ta-LK_0943,B
ta-LK_0944,C
ta-LK_0945,C
ta-LK_0946,C
ta-LK_0947,B
ta-LK_0948,D
ta-LK_0949,D
ta-LK_0950,C
ta-LK_0951,D
ta-LK_0952,C
ta-LK_0953,C
ta-LK_0954,C
ta-LK_0955,C
ta-LK_0956,B
ta-LK_0957,C
ta-LK_0958,B
ta-LK_0959,B
ta-LK_0960,D
ta-LK_0961,C
ta-LK_0962,C
ta-LK_0963,C
ta-LK_0964,B
ta-LK_0965,D
ta-LK_0966,D
ta-LK_0967,D
ta-LK_0968,A
ta-LK_0969,B
ta-LK_0970,C
ta-LK_0971,B
ta-LK_0972,A
ta-LK_0973,C
ta-LK_0974,A
ta-LK_0975,B
ta-LK_0976,D
ta-LK_0977,B
ta-LK_0978,A
ta-LK_0979,A
ta-LK_0980,A
ta-LK_0981,C
ta-LK_0982,B
ta-LK_0983,C
ta-LK_0984,A
ta-LK_0985,A
ta-LK_0986,A
ta-LK_0987,A
ta-LK_0988,A
ta-LK_0989,A
ta-LK_0990,A
ta-LK_0991,A
ta-LK_0992,A
ta-LK_0993,A
ta-LK_0994,A
ta-LK_0995,A
ta-LK_0996,A
ta-LK_0997,A
ta-LK_0998,A
ta-LK_0999,A
ta-LK_1000,A
ta-LK_1001,A
ta-LK_1002,A
ta-LK_1003,A
ta-LK_1004,A
ta-LK_1005,A
ta-LK_1006,A
ta-LK_1007,A
ta-LK_1008,A
ta-LK_1009,A
ta-LK_1010,A
ta-LK_1011,A
ta-LK_1012,A
ta-LK_1013,A
ta-LK_1014,A
ta-LK_1015,A
ta-LK_1016,A
ta-LK_1017,A
ta-LK_1018,A
ta-LK_1019,A
ta-LK_1020,B
ta-LK_1021,A
ta-LK_1022,A
ta-LK_1023,A
ta-LK_1024,A
ta-LK_1025,A
ta-LK_1026,A
ta-LK_1027,A
ta-LK_1028,A
ta-LK_1029,A
ta-LK_1030,A
ta-LK_1031,B
ta-LK_1032,A
ta-LK_1033,B
ta-LK_1034,A
ta-LK_1035,A
ta-LK_1036,A
ta-LK_1037,B
ta-LK_1038,B
ta-LK_1039,A
ta-LK_1040,D
ta-LK_1041,A
ta-LK_1042,A
ta-LK_1043,B
ta-LK_1044,A
ta-LK_1045,A
ta-LK_1046,A
ta-LK_1047,A
ta-LK_1048,A
ta-LK_1049,A
ta-LK_1050,A
ta-LK_1051,A
ta-LK_1052,A
ta-LK_1053,A
ta-LK_1054,A
ta-LK_1055,A
ta-LK_1056,D
ta-LK_1057,C
ta-LK_1058,D
ta-LK_1059,C
ta-LK_1060,C
ta-LK_1061,D
ta-LK_1062,C
ta-LK_1063,D
ta-LK_1064,C
ta-LK_1065,C
ta-LK_1066,D
ta-LK_1067,C
ta-LK_1068,B
ta-LK_1069,B
ta-LK_1070,C
ta-LK_1071,C
ta-LK_1072,C
ta-LK_1073,D
ta-LK_1074,B
ta-LK_1075,C
ta-LK_1076,C
ta-LK_1077,C
ta-LK_1078,D
ta-LK_1079,C
ta-LK_1080,C
ta-LK_1081,D
ta-LK_1082,C
ta-LK_1083,B
ta-LK_1084,B
ta-LK_1085,C
ta-LK_1086,C
ta-LK_1087,C
ta-LK_1088,D
ta-LK_1089,B
ta-LK_1090,C
ta-LK_1091,C
ta-LK_1092,C
ta-LK_1093,B
ta-LK_1094,B
ta-LK_1095,C
ta-LK_1096,C
ta-LK_1097,C
ta-LK_1098,D
ta-LK_1099,B
ta-LK_1100,C
ta-LK_1101,C
ta-LK_1102,B
ta-LK_1103,B
ta-LK_1104,C
ta-LK_1105,A
ta-LK_1106,B
ta-LK_1107,B
ta-LK_1108,B
ta-LK_1109,C
ta-LK_1110,C
ta-LK_1111,B
ta-LK_1112,C
ta-LK_1113,C
ta-LK_1114,C
ar-EG_0001,A
ar-EG_0002,B
ar-EG_0003,A
ar-EG_0004,A
ar-EG_0005,A
ar-EG_0006,B
ar-EG_0007,C
ar-EG_0008,C
ar-EG_0009,B
ar-EG_0010,C
ar-EG_0011,C
ar-EG_0012,B
ar-EG_0013,B
ar-EG_0014,B
ar-EG_0015,B
ar-EG_0016,A
ar-EG_0017,A
ar-EG_0018,A
ar-EG_0019,A
ar-EG_0020,A
ar-EG_0021,A
ar-EG_0022,A
ar-EG_0023,A
ar-EG_0024,B
ar-EG_0025,C
ar-EG_0026,B
ar-EG_0027,A
ar-EG_0028,B
ar-EG_0029,A
ar-EG_0030,A
ar-EG_0031,A
ar-EG_0032,A
ar-EG_0033,A
ar-EG_0034,A
ar-EG_0035,A
ar-EG_0036,A
ar-EG_0037,A
ar-EG_0038,A
ar-EG_0039,A
ar-EG_0040,A
ar-EG_0041,A
ar-EG_0042,A
ar-EG_0043,A
ar-EG_0044,A
ar-EG_0045,A
ar-EG_0046,A
ar-EG_0047,A
ar-EG_0048,A
ar-EG_0049,A
ar-EG_0050,B
ar-EG_0051,A
ar-EG_0052,A
ar-EG_0053,A
ar-EG_0054,D
ar-EG_0055,D
ar-EG_0056,D
ar-EG_0057,D
ar-EG_0058,D
ar-EG_0059,C
ar-EG_0060,C
ar-EG_0061,C
ar-EG_0062,C
ar-EG_0063,B
ar-EG_0064,B
ar-EG_0065,B
ar-EG_0066,B
ar-EG_0067,B
ar-EG_0068,B
ar-EG_0069,D
ar-EG_0070,D
ar-EG_0071,D
ar-EG_0072,D
ar-EG_0073,D
ar-EG_0074,D
ar-EG_0075,D
ar-EG_0076,D
ar-EG_0077,D
ar-EG_0078,D
ar-EG_0079,B
ar-EG_0080,B
ar-EG_0081,B
ar-EG_0082,B
ar-EG_0083,B
ar-EG_0084,B
ar-EG_0085,A
ar-EG_0086,A
ar-EG_0087,A
ar-EG_0088,A
ar-EG_0089,C
ar-EG_0090,A
ar-EG_0091,A
ar-EG_0092,A
ar-EG_0093,A
ar-EG_0094,D
ar-EG_0095,A
ar-EG_0096,A
ar-EG_0097,A
ar-EG_0098,D
ar-EG_0099,A
ar-EG_0100,A
ar-EG_0101,D
ar-EG_0102,A
ar-EG_0103,A
ar-EG_0104,D
ar-EG_0105,C
ar-EG_0106,B
ar-EG_0107,A
ar-EG_0108,B
ar-EG_0109,A
ar-EG_0110,A
ar-EG_0111,A
ar-EG_0112,B
ar-EG_0113,A
ar-EG_0114,A
ar-EG_0115,A
ar-EG_0116,B
ar-EG_0117,B
ar-EG_0118,B
ar-EG_0119,A
ar-EG_0120,B
ar-EG_0121,B
ar-EG_0122,B
ar-EG_0123,B
ar-EG_0124,B
ar-EG_0125,B
ar-EG_0126,B
ar-EG_0127,B
ar-EG_0128,B
ar-EG_0129,B
ar-EG_0130,A
ar-EG_0131,A
ar-EG_0132,A
ar-EG_0133,A
ar-EG_0134,A
ar-EG_0135,A
ar-EG_0136,A
ar-EG_0137,A
ar-EG_0138,A
ar-EG_0139,A
ar-EG_0140,C
ar-EG_0141,C
ar-EG_0142,B
ar-EG_0143,B
ar-EG_0144,D
ar-EG_0145,C
ar-EG_0146,C
ar-EG_0147,B
ar-EG_0148,B
ar-EG_0149,B
ar-EG_0150,B
ar-EG_0151,B
ar-EG_0152,B
ar-EG_0153,A
ar-EG_0154,A
ar-EG_0155,A
ar-EG_0156,B
ar-EG_0157,B
ar-EG_0158,B
ar-EG_0159,A
ar-EG_0160,A
ar-EG_0161,C
ar-EG_0162,A
ar-EG_0163,B
ar-EG_0164,B
ar-EG_0165,A
ar-EG_0166,B
ar-EG_0167,B
ar-EG_0168,A
ar-EG_0169,C
ar-EG_0170,B
ar-EG_0171,B
ar-EG_0172,B
ar-EG_0173,B
ar-EG_0174,A
ar-EG_0175,C
ar-EG_0176,B
ar-EG_0177,B
ar-EG_0178,C
ar-EG_0179,B
ar-EG_0180,B
ar-EG_0181,C
ar-EG_0182,B
ar-EG_0183,B
ar-EG_0184,B
ar-EG_0185,B
ar-EG_0186,B
ar-EG_0187,B
ar-EG_0188,B
ar-EG_0189,A
ar-EG_0190,A
ar-EG_0191,A
ar-EG_0192,A
ar-EG_0193,A
ar-EG_0194,A
ar-EG_0195,A
ar-EG_0196,B
ar-EG_0197,A
ar-EG_0198,A
ar-EG_0199,A
ar-EG_0200,D
ar-EG_0201,C
ar-EG_0202,C
ar-EG_0203,C
ar-EG_0204,C
ar-EG_0205,C
ar-EG_0206,C
ar-EG_0207,C
ar-EG_0208,C
ar-EG_0209,B
ar-EG_0210,B
ar-EG_0211,B
ar-EG_0212,B
ar-EG_0213,B
ar-EG_0214,B
ar-EG_0215,C
ar-EG_0216,C
ar-EG_0217,C
ar-EG_0218,C
ar-EG_0219,B
ar-EG_0220,B
ar-EG_0221,B
ar-EG_0222,B
ar-EG_0223,B
ar-EG_0224,B
ar-EG_0225,B
ar-EG_0226,B
ar-EG_0227,B
ar-EG_0228,B
ar-EG_0229,B
ar-EG_0230,B
ar-EG_0231,A
ar-EG_0232,A
ar-EG_0233,A
ar-EG_0234,A
ar-EG_0235,C
ar-EG_0236,A
ar-EG_0237,C
ar-EG_0238,C
ar-EG_0239,D
ar-EG_0240,C
ar-EG_0241,C
ar-EG_0242,C
ar-EG_0243,C
ar-EG_0244,B
ar-EG_0245,B
ar-EG_0246,B
ar-EG_0247,C
ar-EG_0248,C
ar-EG_0249,C
ar-EG_0250,B
ar-EG_0251,B
ar-EG_0252,B
ar-EG_0253,C
ar-EG_0254,B
ar-EG_0255,B
ar-EG_0256,B
ar-EG_0257,C
ar-EG_0258,C
ar-EG_0259,C
ar-EG_0260,B
ar-EG_0261,B
ar-EG_0262,B
ar-EG_0263,B
ar-EG_0264,B
ar-EG_0265,B
ar-EG_0266,A
ar-EG_0267,A
ar-EG_0268,A
ar-EG_0269,B
ar-EG_0270,B
ar-EG_0271,B
ar-EG_0272,A
ar-EG_0273,A
ar-EG_0274,A
ar-EG_0275,D
ar-EG_0276,D
ar-EG_0277,A
ar-EG_0278,A
ar-EG_0279,A
ar-EG_0280,A
ar-EG_0281,B
ar-EG_0282,C
ar-EG_0283,D
ar-EG_0284,C
ar-EG_0285,C
ar-EG_0286,B
ar-EG_0287,C
ar-EG_0288,C
ar-EG_0289,B
ar-EG_0290,A
ar-EG_0291,A
ar-EG_0292,A
ar-EG_0293,A
ar-EG_0294,A
ar-EG_0295,A
ar-EG_0296,A
ar-EG_0297,C
ar-EG_0298,A
ar-EG_0299,A
ar-EG_0300,A
ar-EG_0301,B
ar-EG_0302,A
ar-EG_0303,A
ar-EG_0304,B
ar-EG_0305,B
ar-EG_0306,B
ar-EG_0307,C
ar-EG_0308,B
ar-EG_0309,B
ar-EG_0310,C
ar-EG_0311,A
ar-EG_0312,A
ar-EG_0313,A
ar-EG_0314,A
ar-EG_0315,C
ar-EG_0316,A
ar-EG_0317,A
ar-EG_0318,C
ar-EG_0319,C
ar-EG_0320,C
ar-EG_0321,B
ar-EG_0322,A
ar-EG_0323,B
ar-EG_0324,B
ar-EG_0325,C
ar-EG_0326,A
ar-EG_0327,B
ar-EG_0328,A
ar-EG_0329,A
ar-EG_0330,A
ar-EG_0331,A
ar-EG_0332,A
ar-EG_0333,A
ar-EG_0334,A
ar-EG_0335,A
ar-EG_0336,A
ar-EG_0337,B
ar-EG_0338,A
ar-EG_0339,D
ar-EG_0340,B
ar-EG_0341,A
ar-EG_0342,D
ar-EG_0343,B
ar-EG_0344,C
ar-EG_0345,A
ar-EG_0346,C
ar-EG_0347,A
ar-EG_0348,A
ar-EG_0349,A
ar-EG_0350,D
ar-EG_0351,B
ar-EG_0352,D
ar-EG_0353,B
ar-EG_0354,B
ar-EG_0355,A
ar-EG_0356,B
ar-EG_0357,B
ar-EG_0358,A
ar-EG_0359,A
ar-EG_0360,A
ar-EG_0361,A
ar-EG_0362,A
ar-EG_0363,A
ar-EG_0364,C
ar-EG_0365,B
ar-EG_0366,A
ar-EG_0367,B
ar-EG_0368,D
en-GB_0001,A
en-GB_0002,A
en-GB_0003,A
en-GB_0004,A
en-GB_0005,A
en-GB_0006,A
en-GB_0007,A
en-GB_0008,A
en-GB_0009,A
en-GB_0010,A
en-US_0001,A
en-US_0002,A
en-US_0003,A
en-US_0004,A
ko-KR_0001,A
ko-KR_0002,A
ko-KR_0003,A
ko-KR_0004,A
ko-KR_0005,A
ko-KR_0006,D
ko-KR_0007,A
ko-KR_0008,A
ko-KR_0009,D
ko-KR_0010,A
ko-KR_0011,A
ko-KR_0012,C
ko-KR_0013,A
ko-KR_0014,C
ko-KR_0015,C
ko-KR_0016,C
ko-KR_0017,C
ko-KR_0018,A
ko-KR_0019,C
ko-KR_0020,C
ar-DZ_0001,D
ar-DZ_0002,C
ar-DZ_0003,C
ar-DZ_0004,C
zh-CN_0001,D
zh-CN_0002,A
zh-CN_0003,D
zh-CN_0004,D
id-ID_0001,B
id-ID_0002,B
id-ID_0003,B
id-ID_0004,B
id-ID_0005,B
id-ID_0006,B
id-ID_0007,A
id-ID_0008,A
id-ID_0009,A
id-ID_0010,A
es-ES_0001,C
es-ES_0002,D
es-ES_0003,C
es-ES_0004,C
es-ES_0005,C
es-ES_0006,D
es-ES_0007,C
es-ES_0008,C
es-ES_0009,A
es-ES_0010,A
es-ES_0011,A
es-ES_0012,A
fa-IR_0001,A
fa-IR_0002,A
fa-IR_0003,A
fa-IR_0004,B
fa-IR_0005,A
fa-IR_0006,A
fa-IR_0007,B
fa-IR_0008,A
fa-IR_0009,B
fa-IR_0010,B
fa-IR_0011,C
fa-IR_0012,C
fa-IR_0013,A
fa-IR_0014,B
fa-IR_0015,A
fa-IR_0016,A
fa-IR_0017,B
fa-IR_0018,A
fa-IR_0019,A
fa-IR_0020,A
es-MX_0001,C
es-MX_0002,C
es-MX_0003,D
es-MX_0004,B
es-MX_0005,C
es-MX_0006,C
es-MX_0007,B
es-MX_0008,C
es-MX_0009,C
es-MX_0010,B
es-MX_0011,C
es-MX_0012,C
es-MX_0013,D
es-MX_0014,B
es-MX_0015,C
es-MX_0016,C
es-MX_0017,B
es-MX_0018,C
es-MX_0019,C
es-MX_0020,B
as-AS_0001,A
as-AS_0002,A
as-AS_0003,A
as-AS_0004,A
as-AS_0005,A
as-AS_0006,A
as-AS_0007,A
as-AS_0008,A
as-AS_0009,A
as-AS_0010,A
el-GR_0001,D
el-GR_0002,D
el-GR_0003,D
el-GR_0004,D
el-GR_0005,A
el-GR_0006,A
el-GR_0007,A
el-GR_0008,A
am-ET_0001,B
am-ET_0002,B
am-ET_0003,B
am-ET_0004,B
am-ET_0005,C
am-ET_0006,C
am-ET_0007,B
am-ET_0008,D
am-ET_0009,B
am-ET_0010,B
am-ET_0011,A
am-ET_0012,A
am-ET_0013,A
am-ET_0014,A
am-ET_0015,A
am-ET_0016,A
am-ET_0017,B
am-ET_0018,A
am-ET_0019,A
am-ET_0020,A
ha-NG_0001,B
ha-NG_0002,B
ha-NG_0003,B
ha-NG_0004,A
ha-NG_0005,D
ha-NG_0006,C
ha-NG_0007,C
ha-NG_0008,C
az-AZ_0001,A
az-AZ_0002,A
az-AZ_0003,A
az-AZ_0004,A
az-AZ_0005,A
az-AZ_0006,A
az-AZ_0007,A
az-AZ_0008,A
az-AZ_0009,A
az-AZ_0010,A
ko-KP_0001,D
ko-KP_0002,D
ko-KP_0003,C
ko-KP_0004,D
ko-KP_0005,C
ko-KP_0006,C
ko-KP_0007,D
ko-KP_0008,C
ko-KP_0009,C
ko-KP_0010,C
ko-KP_0011,A
ko-KP_0012,A
ko-KP_0013,A
ko-KP_0014,A
ko-KP_0015,A
ko-KP_0016,A
ko-KP_0017,A
ko-KP_0018,A
ko-KP_0019,A
ko-KP_0020,A
su-JB_0001,B
su-JB_0002,B
su-JB_0003,B
su-JB_0004,D
su-JB_0005,B
su-JB_0006,B
su-JB_0007,B
su-JB_0008,A
su-JB_0009,B
su-JB_0010,C
su-JB_0011,A
su-JB_0012,A
su-JB_0013,D
su-JB_0014,A
su-JB_0015,D
su-JB_0016,C
su-JB_0017,A
su-JB_0018,D
su-JB_0019,C
su-JB_0020,A
en-GB_0011,C
en-GB_0012,C
en-GB_0013,C
en-US_0005,C
en-US_0006,C
en-US_0007,D
en-US_0008,C
ko-KR_0021,C
ko-KR_0022,C
ko-KR_0023,D
ko-KR_0024,C
ar-DZ_0005,C
ar-DZ_0006,C
ar-DZ_0007,C
zh-CN_0005,C
zh-CN_0006,C
zh-CN_0007,D
zh-CN_0008,C
id-ID_0011,C
id-ID_0012,D
id-ID_0013,C
es-ES_0013,C
es-ES_0014,D
es-ES_0015,C
fa-IR_0021,C
fa-IR_0022,C
fa-IR_0023,D
fa-IR_0024,D
es-MX_0021,C
es-MX_0022,D
es-MX_0023,C
as-AS_0011,D
as-AS_0012,C
el-GR_0009,C
el-GR_0010,C
el-GR_0011,D
el-GR_0012,C
am-ET_0021,C
am-ET_0022,C
am-ET_0023,D
am-ET_0024,C
ha-NG_0009,D
az-AZ_0011,D
az-AZ_0012,D
az-AZ_0013,D
az-AZ_0014,D
ko-KP_0021,C
ko-KP_0022,C
ko-KP_0023,D
ko-KP_0024,C
su-JB_0021,D
su-JB_0022,D
su-JB_0023,A
en-GB_0014,B
en-GB_0015,B
en-GB_0016,B
en-GB_0017,B
en-GB_0018,B
en-GB_0019,B
en-GB_0020,B
en-GB_0021,B
en-GB_0022,B
en-GB_0023,B
en-GB_0024,A
en-GB_0025,A
en-GB_0026,A
en-GB_0027,A
en-GB_0028,A
en-GB_0029,A
en-GB_0030,A
en-GB_0031,A
en-GB_0032,A
en-GB_0033,A
en-US_0009,D
en-US_0010,D
en-US_0011,D
en-US_0012,D
en-US_0013,D
en-US_0014,D
en-US_0015,D
en-US_0016,D
en-US_0017,D
en-US_0018,D
en-US_0019,D
en-US_0020,D
en-US_0021,D
en-US_0022,D
en-US_0023,D
en-US_0024,D
en-US_0025,D
en-US_0026,D
en-US_0027,D
en-US_0028,D
ko-KR_0025,A
ko-KR_0026,A
ko-KR_0027,A
ko-KR_0028,A
ko-KR_0029,A
ko-KR_0030,A
ko-KR_0031,A
ko-KR_0032,A
ko-KR_0033,A
ko-KR_0034,A
ko-KR_0035,A
ko-KR_0036,A
ko-KR_0037,A
ko-KR_0038,A
ko-KR_0039,A
ko-KR_0040,A
ko-KR_0041,A
ko-KR_0042,A
ko-KR_0043,A
ko-KR_0044,A
ko-KR_0045,A
ko-KR_0046,A
ko-KR_0047,A
ko-KR_0048,A
ko-KR_0049,A
ko-KR_0050,A
ko-KR_0051,A
ko-KR_0052,A
ko-KR_0053,A
ko-KR_0054,A
ko-KR_0055,A
ko-KR_0056,A
ko-KR_0057,A
ko-KR_0058,A
ko-KR_0059,A
ko-KR_0060,A
ko-KR_0061,A
ko-KR_0062,A
ko-KR_0063,A
ko-KR_0064,A
ko-KR_0065,A
ko-KR_0066,A
ko-KR_0067,A
ko-KR_0068,A
ko-KR_0069,A
ko-KR_0070,A
ko-KR_0071,A
ko-KR_0072,A
ko-KR_0073,A
ko-KR_0074,A
ko-KR_0075,A
ko-KR_0076,A
ko-KR_0077,A
ko-KR_0078,A
ko-KR_0079,A
ko-KR_0080,A
ar-DZ_0008,B
ar-DZ_0009,B
ar-DZ_0010,B
ar-DZ_0011,B
ar-DZ_0012,B
ar-DZ_0013,B
ar-DZ_0014,A
ar-DZ_0015,A
ar-DZ_0016,A
ar-DZ_0017,A
ar-DZ_0018,A
ar-DZ_0019,A
ar-DZ_0020,A
ar-DZ_0021,A
ar-DZ_0022,A
ar-DZ_0023,A
ar-DZ_0024,A
ar-DZ_0025,A
ar-DZ_0026,A
ar-DZ_0027,A
ar-DZ_0028,A
ar-DZ_0029,B
ar-DZ_0030,B
ar-DZ_0031,B
ar-DZ_0032,B
ar-DZ_0033,B
ar-DZ_0034,B
ar-DZ_0035,B
ar-DZ_0036,B
ar-DZ_0037,B
ar-DZ_0038,B
ar-DZ_0039,B
ar-DZ_0040,B
ar-DZ_0041,B
ar-DZ_0042,B
ar-DZ_0043,B
ar-DZ_0044,A
ar-DZ_0045,A
ar-DZ_0046,A
ar-DZ_0047,A
ar-DZ_0048,A
ar-DZ_0049,A
ar-DZ_0050,A
ar-DZ_0051,A
ar-DZ_0052,A
ar-DZ_0053,A
ar-DZ_0054,A
ar-DZ_0055,A
ar-DZ_0056,A
ar-DZ_0057,A
ar-DZ_0058,A
ar-DZ_0059,A
ar-DZ_0060,A
ar-DZ_0061,A
ar-DZ_0062,A
ar-DZ_0063,A
zh-CN_0009,A
zh-CN_0010,A
zh-CN_0011,A
zh-CN_0012,A
zh-CN_0013,A
zh-CN_0014,A
zh-CN_0015,A
zh-CN_0016,A
zh-CN_0017,A
zh-CN_0018,A
zh-CN_0019,A
zh-CN_0020,A
zh-CN_0021,A
zh-CN_0022,A
zh-CN_0023,A
zh-CN_0024,A
zh-CN_0025,A
zh-CN_0026,A
zh-CN_0027,A
zh-CN_0028,A
zh-CN_0029,A
zh-CN_0030,A
zh-CN_0031,A
zh-CN_0032,A
zh-CN_0033,A
zh-CN_0034,A
zh-CN_0035,A
zh-CN_0036,A
zh-CN_0037,A
zh-CN_0038,A
zh-CN_0039,A
zh-CN_0040,A
zh-CN_0041,A
zh-CN_0042,A
zh-CN_0043,A
zh-CN_0044,A
zh-CN_0045,A
zh-CN_0046,A
zh-CN_0047,A
zh-CN_0048,A
zh-CN_0049,A
zh-CN_0050,A
zh-CN_0051,A
zh-CN_0052,A
zh-CN_0053,A
zh-CN_0054,A
zh-CN_0055,A
zh-CN_0056,A
zh-CN_0057,A
zh-CN_0058,A
zh-CN_0059,A
zh-CN_0060,A
zh-CN_0061,A
zh-CN_0062,A
zh-CN_0063,A
zh-CN_0064,A
id-ID_0014,A
id-ID_0015,A
id-ID_0016,A
id-ID_0017,A
id-ID_0018,A
id-ID_0019,A
id-ID_0020,A
id-ID_0021,A
id-ID_0022,A
id-ID_0023,A
id-ID_0024,A
id-ID_0025,A
id-ID_0026,A
id-ID_0027,A
id-ID_0028,A
id-ID_0029,A
id-ID_0030,A
id-ID_0031,A
id-ID_0032,A
id-ID_0033,A
id-ID_0034,A
id-ID_0035,A
id-ID_0036,A
id-ID_0037,A
id-ID_0038,A
id-ID_0039,A
id-ID_0040,A
id-ID_0041,A
id-ID_0042,A
id-ID_0043,A
id-ID_0044,A
id-ID_0045,A
id-ID_0046,A
id-ID_0047,A
id-ID_0048,A
es-ES_0016,A
es-ES_0017,A
es-ES_0018,A
es-ES_0019,A
es-ES_0020,A
es-ES_0021,A
es-ES_0022,A
es-ES_0023,A
es-ES_0024,A
es-ES_0025,A
es-ES_0026,A
es-ES_0027,A
es-ES_0028,A
es-ES_0029,A
es-ES_0030,A
es-ES_0031,A
es-ES_0032,A
es-ES_0033,A
es-ES_0034,A
es-ES_0035,A
es-ES_0036,A
es-ES_0037,A
es-ES_0038,A
es-ES_0039,A
es-ES_0040,A
es-ES_0041,A
es-ES_0042,A
es-ES_0043,A
es-ES_0044,A
es-ES_0045,A
es-ES_0046,A
es-ES_0047,A
es-ES_0048,A
es-ES_0049,A
es-ES_0050,A
es-ES_0051,A
es-ES_0052,A
es-ES_0053,A
es-ES_0054,A
es-ES_0055,A
es-ES_0056,A
es-ES_0057,A
es-ES_0058,A
es-ES_0059,A
es-ES_0060,A
es-ES_0061,A
es-ES_0062,A
es-ES_0063,A
es-ES_0064,A
es-ES_0065,A
es-ES_0066,A
es-ES_0067,A
es-ES_0068,A
es-ES_0069,A
es-ES_0070,A
es-ES_0071,A
fa-IR_0025,A
fa-IR_0026,A
fa-IR_0027,A
fa-IR_0028,A
fa-IR_0029,A
fa-IR_0030,A
fa-IR_0031,A
fa-IR_0032,A
fa-IR_0033,A
fa-IR_0034,A
fa-IR_0035,A
fa-IR_0036,A
fa-IR_0037,A
fa-IR_0038,A
fa-IR_0039,A
fa-IR_0040,A
fa-IR_0041,A
fa-IR_0042,A
fa-IR_0043,A
fa-IR_0044,A
fa-IR_0045,A
fa-IR_0046,A
fa-IR_0047,A
fa-IR_0048,A
fa-IR_0049,A
fa-IR_0050,A
fa-IR_0051,A
fa-IR_0052,A
fa-IR_0053,A
fa-IR_0054,A
fa-IR_0055,A
fa-IR_0056,A
fa-IR_0057,A
fa-IR_0058,A
fa-IR_0059,A
es-MX_0024,A
es-MX_0025,A
es-MX_0026,A
es-MX_0027,A
es-MX_0028,A
es-MX_0029,A
es-MX_0030,A
es-MX_0031,A
es-MX_0032,A
es-MX_0033,A
es-MX_0034,A
es-MX_0035,A
es-MX_0036,A
es-MX_0037,A
es-MX_0038,A
es-MX_0039,A
es-MX_0040,A
es-MX_0041,A
es-MX_0042,A
es-MX_0043,A
es-MX_0044,A
es-MX_0045,A
es-MX_0046,A
es-MX_0047,A
es-MX_0048,A
es-MX_0049,A
es-MX_0050,A
es-MX_0051,A
es-MX_0052,A
es-MX_0053,A
es-MX_0054,A
es-MX_0055,A
es-MX_0056,A
es-MX_0057,A
es-MX_0058,A
es-MX_0059,A
es-MX_0060,A
es-MX_0061,A
es-MX_0062,A
es-MX_0063,A
es-MX_0064,A
es-MX_0065,A
es-MX_0066,A
es-MX_0067,A
es-MX_0068,A
es-MX_0069,A
es-MX_0070,A
es-MX_0071,A
es-MX_0072,A
es-MX_0073,A
es-MX_0074,A
es-MX_0075,A
es-MX_0076,A
es-MX_0077,A
es-MX_0078,A
es-MX_0079,A
as-AS_0013,A
as-AS_0014,A
as-AS_0015,A
as-AS_0016,A
as-AS_0017,A
as-AS_0018,A
as-AS_0019,A
as-AS_0020,A
as-AS_0021,A
as-AS_0022,A
as-AS_0023,A
as-AS_0024,A
as-AS_0025,A
as-AS_0026,A
as-AS_0027,A
as-AS_0028,A
as-AS_0029,A
as-AS_0030,A
as-AS_0031,A
as-AS_0032,A
as-AS_0033,A
as-AS_0034,A
as-AS_0035,A
as-AS_0036,A
as-AS_0037,A
as-AS_0038,A
as-AS_0039,A
as-AS_0040,A
as-AS_0041,A
as-AS_0042,A
as-AS_0043,A
as-AS_0044,A
as-AS_0045,A
as-AS_0046,A
as-AS_0047,A
as-AS_0048,B
as-AS_0049,B
as-AS_0050,B
as-AS_0051,C
as-AS_0052,C
as-AS_0053,B
as-AS_0054,B
as-AS_0055,C
as-AS_0056,C
as-AS_0057,D
as-AS_0058,C
as-AS_0059,C
as-AS_0060,D
as-AS_0061,C
as-AS_0062,D
as-AS_0063,A
as-AS_0064,A
as-AS_0065,B
as-AS_0066,B
as-AS_0067,C
as-AS_0068,B
as-AS_0069,B
as-AS_0070,B
as-AS_0071,B
as-AS_0072,C
as-AS_0073,C
as-AS_0074,B
as-AS_0075,B
as-AS_0076,B
as-AS_0077,B
as-AS_0078,C
as-AS_0079,D
as-AS_0080,D
as-AS_0081,C
as-AS_0082,C
el-GR_0013,A
el-GR_0014,A
el-GR_0015,A
el-GR_0016,A
el-GR_0017,A
el-GR_0018,A
el-GR_0019,A
el-GR_0020,A
el-GR_0021,A
el-GR_0022,A
el-GR_0023,A
el-GR_0024,A
el-GR_0025,A
el-GR_0026,A
el-GR_0027,A
el-GR_0028,A
el-GR_0029,A
el-GR_0030,A
el-GR_0031,A
el-GR_0032,A
am-ET_0025,A
am-ET_0026,A
am-ET_0027,A
am-ET_0028,A
am-ET_0029,A
am-ET_0030,A
am-ET_0031,A
am-ET_0032,A
am-ET_0033,A
am-ET_0034,A
am-ET_0035,A
am-ET_0036,A
am-ET_0037,A
am-ET_0038,A
am-ET_0039,A
am-ET_0040,A
am-ET_0041,A
am-ET_0042,A
am-ET_0043,A
am-ET_0044,A
am-ET_0045,A
am-ET_0046,A
am-ET_0047,A
am-ET_0048,A
am-ET_0049,A
am-ET_0050,A
am-ET_0051,A
am-ET_0052,A
am-ET_0053,A
am-ET_0054,A
am-ET_0055,A
am-ET_0056,A
am-ET_0057,A
am-ET_0058,A
am-ET_0059,A
am-ET_0060,A
am-ET_0061,A
am-ET_0062,A
am-ET_0063,A
am-ET_0064,A
am-ET_0065,A
am-ET_0066,A
am-ET_0067,A
am-ET_0068,A
am-ET_0069,A
am-ET_0070,A
am-ET_0071,A
am-ET_0072,A
am-ET_0073,A
am-ET_0074,A
am-ET_0075,A
am-ET_0076,A
am-ET_0077,A
am-ET_0078,A
am-ET_0079,A
am-ET_0080,A
ha-NG_0010,A
ha-NG_0011,A
ha-NG_0012,A
ha-NG_0013,A
ha-NG_0014,A
ha-NG_0015,A
ha-NG_0016,A
ha-NG_0017,A
ha-NG_0018,A
ha-NG_0019,A
ha-NG_0020,A
ha-NG_0021,A
ha-NG_0022,A
ha-NG_0023,A
ha-NG_0024,A
ha-NG_0025,A
ha-NG_0026,A
ha-NG_0027,A
ha-NG_0028,B
ha-NG_0029,A
ha-NG_0030,A
ha-NG_0031,B
ha-NG_0032,A
ha-NG_0033,B
ha-NG_0034,B
ha-NG_0035,A
ha-NG_0036,A
ha-NG_0037,B
ha-NG_0038,A
ha-NG_0039,B
ha-NG_0040,B
ha-NG_0041,A
ha-NG_0042,B
ha-NG_0043,B
ha-NG_0044,D
ha-NG_0045,B
ha-NG_0046,A
ha-NG_0047,B
ha-NG_0048,B
ha-NG_0049,A
ha-NG_0050,A
ha-NG_0051,B
ha-NG_0052,A
ha-NG_0053,B
ha-NG_0054,A
ha-NG_0055,A
ha-NG_0056,A
ha-NG_0057,B
ha-NG_0058,B
ha-NG_0059,B
ha-NG_0060,A
ha-NG_0061,A
ha-NG_0062,A
ha-NG_0063,A
ha-NG_0064,A
ha-NG_0065,A
ha-NG_0066,A
ha-NG_0067,A
ha-NG_0068,A
ha-NG_0069,A
ha-NG_0070,A
ha-NG_0071,A
ha-NG_0072,A
ha-NG_0073,A
ha-NG_0074,A
ha-NG_0075,A
ha-NG_0076,A
ha-NG_0077,A
ha-NG_0078,A
ha-NG_0079,A
az-AZ_0015,C
az-AZ_0016,C
az-AZ_0017,C
az-AZ_0018,C
az-AZ_0019,C
az-AZ_0020,D
az-AZ_0021,D
az-AZ_0022,D
az-AZ_0023,D
az-AZ_0024,D
az-AZ_0025,D
az-AZ_0026,D
az-AZ_0027,D
az-AZ_0028,D
az-AZ_0029,D
az-AZ_0030,C
az-AZ_0031,C
az-AZ_0032,C
az-AZ_0033,C
az-AZ_0034,C
az-AZ_0035,C
az-AZ_0036,C
az-AZ_0037,C
az-AZ_0038,C
az-AZ_0039,C
az-AZ_0040,D
az-AZ_0041,D
az-AZ_0042,D
az-AZ_0043,D
az-AZ_0044,D
az-AZ_0045,D
az-AZ_0046,D
az-AZ_0047,D
az-AZ_0048,D
az-AZ_0049,D
az-AZ_0050,A
az-AZ_0051,A
az-AZ_0052,A
az-AZ_0053,A
az-AZ_0054,A
az-AZ_0055,A
az-AZ_0056,A
az-AZ_0057,A
az-AZ_0058,A
az-AZ_0059,A
az-AZ_0060,A
az-AZ_0061,A
az-AZ_0062,A
az-AZ_0063,A
az-AZ_0064,A
az-AZ_0065,A
az-AZ_0066,A
az-AZ_0067,A
az-AZ_0068,A
az-AZ_0069,A
az-AZ_0070,A
az-AZ_0071,A
az-AZ_0072,A
az-AZ_0073,A
az-AZ_0074,A
az-AZ_0075,A
az-AZ_0076,A
az-AZ_0077,A
az-AZ_0078,A
az-AZ_0079,A
az-AZ_0080,A
az-AZ_0081,A
az-AZ_0082,A
az-AZ_0083,A
az-AZ_0084,A
ko-KP_0025,A
ko-KP_0026,A
ko-KP_0027,A
ko-KP_0028,A
ko-KP_0029,A
ko-KP_0030,A
ko-KP_0031,A
ko-KP_0032,A
ko-KP_0033,A
ko-KP_0034,A
ko-KP_0035,A
ko-KP_0036,A
ko-KP_0037,A
ko-KP_0038,A
ko-KP_0039,A
ko-KP_0040,A
ko-KP_0041,A
ko-KP_0042,A
ko-KP_0043,A
ko-KP_0044,A
ko-KP_0045,A
ko-KP_0046,A
ko-KP_0047,A
ko-KP_0048,A
ko-KP_0049,A
ko-KP_0050,A
ko-KP_0051,A
ko-KP_0052,A
ko-KP_0053,A
ko-KP_0054,A
ko-KP_0055,A
ko-KP_0056,A
ko-KP_0057,A
ko-KP_0058,A
ko-KP_0059,A
su-JB_0024,C
su-JB_0025,B
su-JB_0026,C
su-JB_0027,C
su-JB_0028,C
su-JB_0029,C
su-JB_0030,D
su-JB_0031,D
su-JB_0032,D
su-JB_0033,C
su-JB_0034,C
su-JB_0035,C
su-JB_0036,D
su-JB_0037,D
su-JB_0038,D
su-JB_0039,B
su-JB_0040,B
su-JB_0041,C
su-JB_0042,C
su-JB_0043,A
su-JB_0044,B
su-JB_0045,B
su-JB_0046,C
su-JB_0047,B
su-JB_0048,C
su-JB_0049,B
su-JB_0050,C
su-JB_0051,C
su-JB_0052,D
su-JB_0053,D
su-JB_0054,D
su-JB_0055,C
su-JB_0056,B
su-JB_0057,C
su-JB_0058,D
en-GB_0034,A
en-GB_0035,B
en-GB_0036,A
en-GB_0037,B
en-GB_0038,A
en-GB_0039,B
en-US_0029,A
en-US_0030,A
en-US_0031,A
en-US_0032,A
en-US_0033,A
en-US_0034,A
ko-KR_0081,B
ko-KR_0082,A
ko-KR_0083,B
ko-KR_0084,D
ko-KR_0085,C
ko-KR_0086,C
ar-DZ_0064,D
ar-DZ_0065,D
ar-DZ_0066,B
ar-DZ_0067,D
ar-DZ_0068,A
ar-DZ_0069,B
zh-CN_0065,A
zh-CN_0066,A
zh-CN_0067,B
zh-CN_0068,A
zh-CN_0069,A
zh-CN_0070,B
zh-CN_0071,A
zh-CN_0072,B
zh-CN_0073,A
zh-CN_0074,B
id-ID_0049,A
id-ID_0050,B
id-ID_0051,A
id-ID_0052,A
id-ID_0053,B
id-ID_0054,A
id-ID_0055,A
id-ID_0056,B
id-ID_0057,B
id-ID_0058,A
es-ES_0072,A
es-ES_0073,A
es-ES_0074,A
es-ES_0075,A
es-ES_0076,A
es-ES_0077,A
fa-IR_0060,A
fa-IR_0061,C
fa-IR_0062,A
fa-IR_0063,D
fa-IR_0064,C
fa-IR_0065,A
fa-IR_0066,A
fa-IR_0067,B
fa-IR_0068,B
fa-IR_0069,C
es-MX_0080,C
es-MX_0081,B
es-MX_0082,B
es-MX_0083,C
es-MX_0084,B
es-MX_0085,B
as-AS_0083,A
as-AS_0084,A
el-GR_0033,D
el-GR_0034,A
el-GR_0035,D
am-ET_0081,A
am-ET_0082,B
am-ET_0083,B
am-ET_0084,A
am-ET_0085,A
am-ET_0086,B
am-ET_0087,B
am-ET_0088,A
am-ET_0089,A
am-ET_0090,B
am-ET_0091,A
am-ET_0092,A
am-ET_0093,A
am-ET_0094,A
am-ET_0095,D
ha-NG_0080,B
ha-NG_0081,C
ha-NG_0082,A
az-AZ_0085,D
az-AZ_0086,D
az-AZ_0087,D
ko-KP_0060,A
ko-KP_0061,B
ko-KP_0062,B
su-JB_0059,A
su-JB_0060,D
su-JB_0061,A
su-JB_0062,B
su-JB_0063,A
su-JB_0064,B
su-JB_0065,A
su-JB_0066,B
su-JB_0067,A
su-JB_0068,C
su-JB_0069,C
su-JB_0070,B
su-JB_0071,B
su-JB_0072,A
su-JB_0073,B
en-GB_0040,A
en-GB_0041,C
en-GB_0042,B
en-GB_0043,A
en-GB_0044,A
en-GB_0045,C
en-US_0035,A
en-US_0036,B
en-US_0037,A
en-US_0038,A
en-US_0039,D
en-US_0040,A
ko-KR_0087,A
ko-KR_0088,C
ko-KR_0089,C
ko-KR_0090,A
ko-KR_0091,A
ko-KR_0092,A
ar-DZ_0070,A
ar-DZ_0071,D
ar-DZ_0072,C
ar-DZ_0073,B
ar-DZ_0074,A
ar-DZ_0075,A
ar-DZ_0076,A
ar-DZ_0077,A
ar-DZ_0078,C
ar-DZ_0079,C
zh-CN_0075,A
zh-CN_0076,B
zh-CN_0077,C
zh-CN_0078,D
zh-CN_0079,A
zh-CN_0080,A
zh-CN_0081,A
zh-CN_0082,A
zh-CN_0083,B
zh-CN_0084,C
id-ID_0059,A
id-ID_0060,D
id-ID_0061,D
id-ID_0062,A
id-ID_0063,A
id-ID_0064,A
es-ES_0078,A
es-ES_0079,A
es-ES_0080,D
es-ES_0081,A
es-ES_0082,A
es-ES_0083,A
fa-IR_0070,A
fa-IR_0071,D
fa-IR_0072,D
fa-IR_0073,D
fa-IR_0074,A
fa-IR_0075,A
fa-IR_0076,A
fa-IR_0077,C
fa-IR_0078,B
fa-IR_0079,C
es-MX_0086,A
as-AS_0085,A
as-AS_0086,C
as-AS_0087,B
as-AS_0088,A
as-AS_0089,A
as-AS_0090,C
el-GR_0036,A
el-GR_0037,A
el-GR_0038,D
el-GR_0039,A
el-GR_0040,A
el-GR_0041,A
am-ET_0096,A
am-ET_0097,A
am-ET_0098,A
am-ET_0099,A
am-ET_0100,A
am-ET_0101,A
ha-NG_0083,A
ha-NG_0084,C
ha-NG_0085,D
ha-NG_0086,A
ha-NG_0087,A
ha-NG_0088,C
az-AZ_0088,A
az-AZ_0089,D
az-AZ_0090,D
az-AZ_0091,A
az-AZ_0092,A
az-AZ_0093,A
ko-KP_0063,A
ko-KP_0064,D
ko-KP_0065,A
su-JB_0074,A
su-JB_0075,B
su-JB_0076,A
en-GB_0046,A
en-US_0041,B
en-US_0042,A
ko-KR_0093,B
ko-KR_0094,A
ar-DZ_0080,A
ar-DZ_0081,B
zh-CN_0085,B
zh-CN_0086,A
id-ID_0065,D
id-ID_0066,C
es-ES_0084,A
fa-IR_0080,A
fa-IR_0081,A
es-MX_0087,A
es-MX_0088,A
as-AS_0091,B
el-GR_0042,A
el-GR_0043,A
am-ET_0102,A
am-ET_0103,B
am-ET_0104,A
ha-NG_0089,B
ha-NG_0090,B
ha-NG_0091,B
az-AZ_0094,A
ko-KP_0066,A
ko-KP_0067,A
su-JB_0077,A
su-JB_0078,B
en-GB_0047,C
en-GB_0048,D
en-GB_0049,D
en-GB_0050,C
en-GB_0051,C
en-US_0043,C
en-US_0044,D
en-US_0045,C
en-US_0046,C
ko-KR_0095,D
ko-KR_0096,D
ko-KR_0097,C
ar-DZ_0082,C
ar-DZ_0083,D
ar-DZ_0084,C
ar-DZ_0085,D
zh-CN_0087,C
zh-CN_0088,D
zh-CN_0089,C
zh-CN_0090,A
zh-CN_0091,A
zh-CN_0092,A
id-ID_0067,C
id-ID_0068,D
id-ID_0069,C
es-ES_0085,D
es-ES_0086,D
es-ES_0087,D
es-ES_0088,C
fa-IR_0082,C
fa-IR_0083,D
fa-IR_0084,D
fa-IR_0085,C
fa-IR_0086,C
es-MX_0089,C
es-MX_0090,D
es-MX_0091,C
es-MX_0092,C
as-AS_0092,D
as-AS_0093,D
as-AS_0094,D
as-AS_0095,C
as-AS_0096,C
as-AS_0097,B
as-AS_0098,B
as-AS_0099,B
el-GR_0044,C
el-GR_0045,D
el-GR_0046,C
am-ET_0105,D
am-ET_0106,A
ha-NG_0092,C
az-AZ_0095,C
az-AZ_0096,D
az-AZ_0097,C
ko-KP_0068,D
ko-KP_0069,D
ko-KP_0070,D
ko-KP_0071,D
su-JB_0079,C
su-JB_0080,D
su-JB_0081,C
en-GB_0052,A
en-GB_0053,B
en-GB_0054,A
en-GB_0055,B
en-GB_0056,A
en-GB_0057,A
en-GB_0058,A
en-GB_0059,B
en-GB_0060,B
en-GB_0061,B
en-GB_0062,B
en-GB_0063,A
en-GB_0064,B
en-GB_0065,A
en-GB_0066,A
en-GB_0067,A
en-GB_0068,B
en-GB_0069,B
en-GB_0070,B
en-GB_0071,B
en-GB_0072,C
en-GB_0073,B
en-GB_0074,B
en-GB_0075,B
en-GB_0076,C
en-GB_0077,C
en-GB_0078,C
en-GB_0079,B
en-GB_0080,A
en-GB_0081,A
en-GB_0082,A
en-GB_0083,B
en-GB_0084,B
en-GB_0085,B
en-GB_0086,B
en-GB_0087,B
en-GB_0088,B
en-GB_0089,C
en-GB_0090,C
en-GB_0091,C
en-GB_0092,A
en-GB_0093,A
en-GB_0094,B
en-GB_0095,B
en-GB_0096,B
en-GB_0097,A
en-GB_0098,B
en-GB_0099,B
en-GB_0100,B
en-GB_0101,B
en-GB_0102,B
en-GB_0103,B
en-GB_0104,C
en-GB_0105,C
en-GB_0106,C
en-GB_0107,B
en-GB_0108,A
en-GB_0109,B
en-GB_0110,A
en-GB_0111,A
en-GB_0112,A
en-GB_0113,B
en-GB_0114,B
en-GB_0115,B
en-GB_0116,B
en-GB_0117,C
en-GB_0118,B
en-GB_0119,B
en-GB_0120,B
en-GB_0121,C
en-GB_0122,C
en-GB_0123,C
en-GB_0124,B
en-GB_0125,A
en-GB_0126,A
en-GB_0127,A
en-GB_0128,B
en-GB_0129,B
en-GB_0130,B
en-GB_0131,B
en-GB_0132,B
en-GB_0133,B
en-GB_0134,C
en-GB_0135,C
en-GB_0136,C
en-GB_0137,A
en-GB_0138,A
en-GB_0139,B
en-GB_0140,B
en-GB_0141,B
en-GB_0142,A
en-GB_0143,B
en-GB_0144,B
en-GB_0145,B
en-GB_0146,B
en-GB_0147,B
en-GB_0148,B
en-GB_0149,C
en-GB_0150,C
en-GB_0151,C
en-GB_0152,B
en-GB_0153,C
en-GB_0154,B
en-GB_0155,B
en-GB_0156,B
en-GB_0157,C
en-GB_0158,C
en-GB_0159,C
en-GB_0160,B
en-GB_0161,A
en-GB_0162,A
en-GB_0163,A
en-GB_0164,B
en-GB_0165,B
en-GB_0166,B
en-GB_0167,B
en-GB_0168,B
en-GB_0169,B
en-GB_0170,C
en-GB_0171,C
en-GB_0172,C
en-GB_0173,A
en-GB_0174,A
en-GB_0175,B
en-GB_0176,B
en-GB_0177,B
en-GB_0178,A
en-GB_0179,B
en-GB_0180,B
en-GB_0181,B
en-GB_0182,B
en-GB_0183,B
en-GB_0184,B
en-GB_0185,C
en-GB_0186,C
en-GB_0187,C
en-GB_0188,C
en-GB_0189,B
en-GB_0190,B
en-GB_0191,B
en-GB_0192,C
en-GB_0193,C
en-GB_0194,C
en-GB_0195,C
en-GB_0196,C
en-GB_0197,C
en-GB_0198,D
en-GB_0199,D
en-GB_0200,D
en-GB_0201,B
en-GB_0202,B
en-GB_0203,C
en-GB_0204,C
en-GB_0205,C
en-GB_0206,B
en-GB_0207,C
en-GB_0208,C
en-GB_0209,C
en-GB_0210,C
en-GB_0211,C
en-GB_0212,C
en-GB_0213,D
en-GB_0214,D
en-GB_0215,D
en-GB_0216,B
en-GB_0217,B
en-GB_0218,B
en-GB_0219,C
en-GB_0220,C
en-GB_0221,C
en-GB_0222,A
en-GB_0223,A
en-GB_0224,B
en-GB_0225,B
en-GB_0226,B
en-GB_0227,A
en-GB_0228,B
en-GB_0229,B
en-GB_0230,B
en-GB_0231,B
en-GB_0232,B
en-GB_0233,B
en-GB_0234,C
en-GB_0235,C
en-GB_0236,C
en-GB_0237,B
en-GB_0238,B
en-GB_0239,C
en-GB_0240,C
en-GB_0241,C
en-GB_0242,B
en-GB_0243,C
en-GB_0244,C
en-GB_0245,C
en-GB_0246,C
en-GB_0247,C
en-GB_0248,C
en-GB_0249,D
en-GB_0250,D
en-GB_0251,D
en-GB_0252,A
en-GB_0253,B
en-GB_0254,B
en-GB_0255,B
en-GB_0256,B
en-GB_0257,B
en-GB_0258,B
en-GB_0259,C
en-GB_0260,C
en-GB_0261,C
en-GB_0262,B
en-GB_0263,B
en-GB_0264,B
en-GB_0265,C
en-GB_0266,C
en-GB_0267,C
en-GB_0268,C
en-GB_0269,C
en-GB_0270,C
en-GB_0271,D
en-US_0047,C
en-US_0048,B
en-US_0049,C
en-US_0050,B
en-US_0051,B
en-US_0052,C
en-US_0053,B
en-US_0054,C
en-US_0055,C
en-US_0056,C
en-US_0057,C
en-US_0058,D
en-US_0059,C
en-US_0060,C
en-US_0061,D
en-US_0062,C
en-US_0063,D
en-US_0064,D
en-US_0065,D
en-US_0066,C
en-US_0067,B
en-US_0068,B
en-US_0069,C
en-US_0070,B
en-US_0071,C
en-US_0072,C
en-US_0073,C
en-US_0074,C
en-US_0075,C
en-US_0076,D
en-US_0077,C
en-US_0078,D
en-US_0079,D
en-US_0080,D
en-US_0081,B
en-US_0082,C
en-US_0083,B
en-US_0084,C
en-US_0085,C
en-US_0086,C
en-US_0087,C
en-US_0088,B
en-US_0089,C
en-US_0090,C
en-US_0091,C
en-US_0092,C
en-US_0093,D
en-US_0094,D
en-US_0095,D
en-US_0096,C
en-US_0097,C
en-US_0098,C
en-US_0099,D
en-US_0100,D
en-US_0101,D
en-US_0102,B
en-US_0103,C
en-US_0104,B
en-US_0105,B
en-US_0106,C
en-US_0107,B
en-US_0108,C
en-US_0109,C
en-US_0110,C
en-US_0111,B
en-US_0112,A
en-US_0113,A
en-US_0114,B
en-US_0115,A
en-US_0116,B
en-US_0117,B
en-US_0118,B
en-US_0119,B
en-US_0120,B
en-US_0121,C
en-US_0122,B
en-US_0123,C
en-US_0124,C
en-US_0125,C
en-US_0126,A
en-US_0127,B
en-US_0128,A
en-US_0129,B
en-US_0130,B
en-US_0131,B
en-US_0132,B
en-US_0133,A
en-US_0134,B
en-US_0135,B
en-US_0136,B
en-US_0137,B
en-US_0138,C
en-US_0139,C
en-US_0140,C
en-US_0141,B
en-US_0142,B
en-US_0143,B
en-US_0144,C
en-US_0145,C
en-US_0146,C
en-US_0147,C
en-US_0148,B
en-US_0149,B
en-US_0150,C
en-US_0151,B
en-US_0152,C
en-US_0153,C
en-US_0154,C
en-US_0155,C
en-US_0156,C
en-US_0157,D
en-US_0158,C
en-US_0159,D
en-US_0160,D
en-US_0161,D
en-US_0162,B
en-US_0163,C
en-US_0164,B
en-US_0165,C
en-US_0166,C
en-US_0167,C
en-US_0168,C
en-US_0169,B
en-US_0170,C
en-US_0171,C
en-US_0172,C
en-US_0173,C
en-US_0174,D
en-US_0175,D
en-US_0176,D
en-US_0177,C
en-US_0178,C
en-US_0179,C
en-US_0180,D
en-US_0181,D
en-US_0182,D
en-US_0183,B
en-US_0184,B
en-US_0185,C
en-US_0186,B
en-US_0187,C
en-US_0188,C
en-US_0189,C
en-US_0190,A
en-US_0191,B
en-US_0192,A
en-US_0193,B
en-US_0194,B
en-US_0195,B
en-US_0196,B
en-US_0197,A
en-US_0198,B
en-US_0199,B
en-US_0200,B
en-US_0201,B
en-US_0202,C
en-US_0203,C
en-US_0204,C
en-US_0205,B
en-US_0206,B
en-US_0207,B
en-US_0208,C
en-US_0209,C
en-US_0210,C
en-US_0211,B
en-US_0212,C
en-US_0213,B
en-US_0214,C
en-US_0215,C
en-US_0216,C
en-US_0217,C
en-US_0218,B
en-US_0219,C
en-US_0220,C
en-US_0221,C
en-US_0222,C
en-US_0223,D
en-US_0224,D
en-US_0225,D
en-US_0226,C
en-US_0227,C
en-US_0228,C
en-US_0229,D
en-US_0230,D
en-US_0231,D
en-US_0232,B
en-US_0233,A
en-US_0234,B
en-US_0235,B
en-US_0236,B
en-US_0237,B
en-US_0238,C
en-US_0239,C
en-US_0240,C
en-US_0241,B
en-US_0242,B
en-US_0243,B
en-US_0244,C
en-US_0245,C
en-US_0246,C
en-US_0247,B
en-US_0248,C
en-US_0249,C
en-US_0250,C
en-US_0251,B
en-US_0252,B
en-US_0253,B
en-US_0254,C
en-US_0255,C
en-US_0256,C
en-US_0257,C
en-US_0258,C
en-US_0259,C
en-US_0260,D
en-US_0261,D
en-US_0262,D
en-US_0263,C
en-US_0264,C
en-US_0265,C
en-US_0266,D
ko-KR_0098,A
ko-KR_0099,A
ko-KR_0100,A
ko-KR_0101,A
ko-KR_0102,A
ko-KR_0103,A
ko-KR_0104,A
ko-KR_0105,A
ko-KR_0106,B
ko-KR_0107,A
ko-KR_0108,B
ko-KR_0109,A
ko-KR_0110,A
ko-KR_0111,A
ko-KR_0112,A
ko-KR_0113,A
ko-KR_0114,A
ko-KR_0115,A
ko-KR_0116,B
ko-KR_0117,B
ko-KR_0118,B
ko-KR_0119,A
ko-KR_0120,C
ko-KR_0121,A
ko-KR_0122,A
ko-KR_0123,C
ko-KR_0124,A
ko-KR_0125,C
ko-KR_0126,A
ko-KR_0127,A
ko-KR_0128,A
ko-KR_0129,A
ko-KR_0130,A
ko-KR_0131,A
ko-KR_0132,A
ko-KR_0133,B
ko-KR_0134,A
ko-KR_0135,B
ko-KR_0136,A
ko-KR_0137,A
ko-KR_0138,A
ko-KR_0139,A
ko-KR_0140,C
ko-KR_0141,A
ko-KR_0142,C
ko-KR_0143,A
ko-KR_0144,A
ko-KR_0145,A
ko-KR_0146,B
ko-KR_0147,A
ko-KR_0148,B
ko-KR_0149,A
ko-KR_0150,A
ko-KR_0151,B
ko-KR_0152,A
ko-KR_0153,B
ko-KR_0154,A
ko-KR_0155,B
ko-KR_0156,C
ko-KR_0157,B
ko-KR_0158,B
ko-KR_0159,A
ko-KR_0160,B
ko-KR_0161,C
ko-KR_0162,C
ko-KR_0163,C
ko-KR_0164,A
ko-KR_0165,A
ko-KR_0166,A
ko-KR_0167,A
ko-KR_0168,A
ko-KR_0169,A
ko-KR_0170,A
ko-KR_0171,B
ko-KR_0172,D
ko-KR_0173,D
ko-KR_0174,A
ko-KR_0175,A
ko-KR_0176,A
ko-KR_0177,A
ko-KR_0178,C
ko-KR_0179,A
ko-KR_0180,A
ko-KR_0181,A
ko-KR_0182,A
ko-KR_0183,A
ko-KR_0184,A
ko-KR_0185,A
ko-KR_0186,A
ko-KR_0187,A
ko-KR_0188,B
ko-KR_0189,A
ko-KR_0190,B
ko-KR_0191,A
ko-KR_0192,A
ko-KR_0193,A
ko-KR_0194,A
ko-KR_0195,C
ko-KR_0196,A
ko-KR_0197,A
ko-KR_0198,A
ko-KR_0199,B
ko-KR_0200,A
ko-KR_0201,B
ko-KR_0202,A
ko-KR_0203,B
ko-KR_0204,A
ko-KR_0205,A
ko-KR_0206,B
ko-KR_0207,A
ko-KR_0208,B
ko-KR_0209,A
ko-KR_0210,B
ko-KR_0211,C
ko-KR_0212,B
ko-KR_0213,B
ko-KR_0214,A
ko-KR_0215,B
ko-KR_0216,C
ko-KR_0217,C
ko-KR_0218,C
ko-KR_0219,A
ko-KR_0220,B
ko-KR_0221,A
ko-KR_0222,A
ko-KR_0223,C
ko-KR_0224,A
ko-KR_0225,A
ko-KR_0226,A
ko-KR_0227,A
ko-KR_0228,A
ko-KR_0229,A
ko-KR_0230,A
ko-KR_0231,A
ko-KR_0232,A
ko-KR_0233,B
ko-KR_0234,D
ko-KR_0235,B
ko-KR_0236,A
ko-KR_0237,A
ko-KR_0238,A
ko-KR_0239,A
ko-KR_0240,C
ko-KR_0241,A
ko-KR_0242,D
ko-KR_0243,A
ko-KR_0244,A
ko-KR_0245,A
ko-KR_0246,B
ko-KR_0247,A
ko-KR_0248,B
ko-KR_0249,A
ko-KR_0250,A
ko-KR_0251,B
ko-KR_0252,D
ko-KR_0253,B
ko-KR_0254,A
ko-KR_0255,B
ko-KR_0256,C
ko-KR_0257,B
ko-KR_0258,B
ko-KR_0259,D
ko-KR_0260,B
ko-KR_0261,C
ko-KR_0262,C
ko-KR_0263,C
ko-KR_0264,C
ko-KR_0265,A
ko-KR_0266,A
ko-KR_0267,C
ko-KR_0268,A
ko-KR_0269,A
ko-KR_0270,A
ko-KR_0271,A
ko-KR_0272,B
ko-KR_0273,B
ko-KR_0274,B
ko-KR_0275,A
ko-KR_0276,D
ko-KR_0277,D
ko-KR_0278,B
ko-KR_0279,A
ko-KR_0280,C
ko-KR_0281,A
ko-KR_0282,C
ko-KR_0283,A
ko-KR_0284,A
ko-KR_0285,C
ko-KR_0286,A
ko-KR_0287,A
ko-KR_0288,A
ko-KR_0289,A
ko-KR_0290,C
ko-KR_0291,A
ko-KR_0292,A
ko-KR_0293,A
ko-KR_0294,A
ko-KR_0295,A
ko-KR_0296,A
ko-KR_0297,A
ko-KR_0298,A
ko-KR_0299,A
ko-KR_0300,A
ko-KR_0301,A
ko-KR_0302,A
ko-KR_0303,A
ko-KR_0304,C
ko-KR_0305,A
ko-KR_0306,C
ko-KR_0307,A
ko-KR_0308,A
ko-KR_0309,A
ko-KR_0310,B
ko-KR_0311,A
ko-KR_0312,B
ko-KR_0313,A
ko-KR_0314,A
ko-KR_0315,B
ko-KR_0316,A
ko-KR_0317,B
ko-KR_0318,A
ko-KR_0319,B
ko-KR_0320,C
ko-KR_0321,B
ko-KR_0322,B
ko-KR_0323,A
ko-KR_0324,B
ko-KR_0325,C
ko-KR_0326,C
ko-KR_0327,C
ko-KR_0328,A
ko-KR_0329,A
ko-KR_0330,A
ko-KR_0331,C
ko-KR_0332,A
ko-KR_0333,A
ko-KR_0334,A
ko-KR_0335,A
ko-KR_0336,C
ko-KR_0337,A
ko-KR_0338,C
ko-KR_0339,A
ko-KR_0340,C
ko-KR_0341,A
ko-KR_0342,D
ko-KR_0343,C
ko-KR_0344,A
ko-KR_0345,C
ko-KR_0346,A
ko-KR_0347,D
ko-KR_0348,D
ko-KR_0349,A
ko-KR_0350,A
ko-KR_0351,B
ko-KR_0352,A
ko-KR_0353,B
ko-KR_0354,A
ko-KR_0355,B
ko-KR_0356,C
ko-KR_0357,B
ko-KR_0358,B
ko-KR_0359,A
ko-KR_0360,B
ko-KR_0361,C
ko-KR_0362,C
ko-KR_0363,C
ko-KR_0364,A
ko-KR_0365,B
ko-KR_0366,C
ko-KR_0367,B
ko-KR_0368,B
ko-KR_0369,A
ko-KR_0370,B
ko-KR_0371,C
ko-KR_0372,C
ko-KR_0373,C
ko-KR_0374,B
ko-KR_0375,C
ko-KR_0376,B
ko-KR_0377,C
ko-KR_0378,C
ko-KR_0379,C
ko-KR_0380,C
ko-KR_0381,C
ko-KR_0382,C
ko-KR_0383,D
ko-KR_0384,A
ko-KR_0385,B
ko-KR_0386,A
ko-KR_0387,B
ko-KR_0388,A
ko-KR_0389,A
ko-KR_0390,A
ko-KR_0391,A
ko-KR_0392,B
ko-KR_0393,B
ko-KR_0394,B
ko-KR_0395,B
ko-KR_0396,A
ko-KR_0397,B
ko-KR_0398,A
ko-KR_0399,A
ko-KR_0400,A
ko-KR_0401,A
ko-KR_0402,B
ko-KR_0403,B
ko-KR_0404,B
ko-KR_0405,B
ko-KR_0406,C
ko-KR_0407,B
ko-KR_0408,B
ko-KR_0409,B
ko-KR_0410,B
ko-KR_0411,C
ko-KR_0412,C
ko-KR_0413,C
ko-KR_0414,B
ko-KR_0415,A
ko-KR_0416,A
ko-KR_0417,A
ko-KR_0418,A
ko-KR_0419,B
ko-KR_0420,B
ko-KR_0421,B
ko-KR_0422,B
ko-KR_0423,B
ko-KR_0424,B
ko-KR_0425,B
ko-KR_0426,C
ko-KR_0427,C
ko-KR_0428,C
ko-KR_0429,A
ko-KR_0430,A
ko-KR_0431,A
ko-KR_0432,B
ko-KR_0433,B
ko-KR_0434,B
ko-KR_0435,A
ko-KR_0436,A
ko-KR_0437,B
ko-KR_0438,B
ko-KR_0439,B
ko-KR_0440,A
ko-KR_0441,B
ko-KR_0442,B
ko-KR_0443,B
ko-KR_0444,B
ko-KR_0445,B
ko-KR_0446,B
ko-KR_0447,C
ko-KR_0448,C
ko-KR_0449,C
ko-KR_0450,B
ko-KR_0451,A
ko-KR_0452,B
ko-KR_0453,A
ko-KR_0454,A
ko-KR_0455,A
ko-KR_0456,A
ko-KR_0457,B
ko-KR_0458,B
ko-KR_0459,B
ko-KR_0460,B
ko-KR_0461,C
ko-KR_0462,B
ko-KR_0463,B
ko-KR_0464,B
ko-KR_0465,B
ko-KR_0466,C
ko-KR_0467,C
ko-KR_0468,C
ko-KR_0469,B
ko-KR_0470,A
ko-KR_0471,A
ko-KR_0472,A
ko-KR_0473,A
ko-KR_0474,B
ko-KR_0475,B
ko-KR_0476,B
ko-KR_0477,B
ko-KR_0478,B
ko-KR_0479,B
ko-KR_0480,B
ko-KR_0481,C
ko-KR_0482,C
ko-KR_0483,C
ko-KR_0484,A
ko-KR_0485,A
ko-KR_0486,A
ko-KR_0487,B
ko-KR_0488,B
ko-KR_0489,B
ko-KR_0490,A
ko-KR_0491,A
ko-KR_0492,B
ko-KR_0493,B
ko-KR_0494,B
ko-KR_0495,A
ko-KR_0496,B
ko-KR_0497,B
ko-KR_0498,B
ko-KR_0499,B
ko-KR_0500,B
ko-KR_0501,B
ko-KR_0502,C
ko-KR_0503,C
ko-KR_0504,C
ko-KR_0505,B
ko-KR_0506,C
ko-KR_0507,B
ko-KR_0508,A
ko-KR_0509,B
ko-KR_0510,B
ko-KR_0511,C
ko-KR_0512,C
ko-KR_0513,C
ko-KR_0514,B
ko-KR_0515,A
ko-KR_0516,A
ko-KR_0517,A
ko-KR_0518,A
ko-KR_0519,B
ko-KR_0520,B
ko-KR_0521,B
ko-KR_0522,B
ko-KR_0523,B
ko-KR_0524,B
ko-KR_0525,B
ko-KR_0526,C
ko-KR_0527,C
ko-KR_0528,C
ko-KR_0529,A
ko-KR_0530,A
ko-KR_0531,A
ko-KR_0532,B
ko-KR_0533,B
ko-KR_0534,B
ko-KR_0535,A
ko-KR_0536,A
ko-KR_0537,B
ko-KR_0538,B
ko-KR_0539,B
ko-KR_0540,A
ko-KR_0541,B
ko-KR_0542,B
ko-KR_0543,B
ko-KR_0544,B
ko-KR_0545,B
ko-KR_0546,B
ko-KR_0547,C
ko-KR_0548,C
ko-KR_0549,C
ko-KR_0550,C
ko-KR_0551,B
ko-KR_0552,B
ko-KR_0553,B
ko-KR_0554,B
ko-KR_0555,C
ko-KR_0556,C
ko-KR_0557,C
ko-KR_0558,C
ko-KR_0559,C
ko-KR_0560,C
ko-KR_0561,C
ko-KR_0562,D
ko-KR_0563,D
ko-KR_0564,D
ko-KR_0565,B
ko-KR_0566,C
ko-KR_0567,B
ko-KR_0568,C
ko-KR_0569,C
ko-KR_0570,C
ko-KR_0571,C
ko-KR_0572,B
ko-KR_0573,C
ko-KR_0574,A
ko-KR_0575,C
ko-KR_0576,B
ko-KR_0577,C
ko-KR_0578,A
ko-KR_0579,C
ko-KR_0580,C
ko-KR_0581,C
ko-KR_0582,C
ko-KR_0583,D
ko-KR_0584,D
ko-KR_0585,D
ko-KR_0586,B
ko-KR_0587,B
ko-KR_0588,B
ko-KR_0589,B
ko-KR_0590,C
ko-KR_0591,C
ko-KR_0592,C
ko-KR_0593,A
ko-KR_0594,A
ko-KR_0595,A
ko-KR_0596,B
ko-KR_0597,B
ko-KR_0598,B
ko-KR_0599,A
ko-KR_0600,A
ko-KR_0601,B
ko-KR_0602,B
ko-KR_0603,B
ko-KR_0604,A
ko-KR_0605,B
ko-KR_0606,B
ko-KR_0607,B
ko-KR_0608,B
ko-KR_0609,B
ko-KR_0610,B
ko-KR_0611,C
ko-KR_0612,C
ko-KR_0613,C
ko-KR_0614,B
ko-KR_0615,B
ko-KR_0616,B
ko-KR_0617,C
ko-KR_0618,C
ko-KR_0619,C
ko-KR_0620,B
ko-KR_0621,B
ko-KR_0622,C
ko-KR_0623,C
ko-KR_0624,C
ko-KR_0625,B
ko-KR_0626,C
ko-KR_0627,C
ko-KR_0628,C
ko-KR_0629,C
ko-KR_0630,C
ko-KR_0631,C
ko-KR_0632,D
ko-KR_0633,D
ko-KR_0634,D
ko-KR_0635,A
ko-KR_0636,A
ko-KR_0637,B
ko-KR_0638,B
ko-KR_0639,B
ko-KR_0640,A
ko-KR_0641,B
ko-KR_0642,B
ko-KR_0643,B
ko-KR_0644,B
ko-KR_0645,B
ko-KR_0646,B
ko-KR_0647,C
ko-KR_0648,C
ko-KR_0649,C
ko-KR_0650,A
ko-KR_0651,B
ko-KR_0652,B
ko-KR_0653,B
ko-KR_0654,B
ko-KR_0655,B
ko-KR_0656,B
ko-KR_0657,C
ko-KR_0658,C
ko-KR_0659,C
ko-KR_0660,B
ko-KR_0661,B
ko-KR_0662,B
ko-KR_0663,C
ko-KR_0664,C
ko-KR_0665,C
ko-KR_0666,C
ko-KR_0667,C
ko-KR_0668,C
ko-KR_0669,D
ar-DZ_0086,B
ar-DZ_0087,A
ar-DZ_0088,B
ar-DZ_0089,A
ar-DZ_0090,A
ar-DZ_0091,B
ar-DZ_0092,A
ar-DZ_0093,B
ar-DZ_0094,B
ar-DZ_0095,B
ar-DZ_0096,B
ar-DZ_0097,B
ar-DZ_0098,C
ar-DZ_0099,B
ar-DZ_0100,B
ar-DZ_0101,C
ar-DZ_0102,B
ar-DZ_0103,C
ar-DZ_0104,C
ar-DZ_0105,C
ar-DZ_0106,C
ar-DZ_0107,B
ar-DZ_0108,A
ar-DZ_0109,A
ar-DZ_0110,B
ar-DZ_0111,A
ar-DZ_0112,B
ar-DZ_0113,B
ar-DZ_0114,B
ar-DZ_0115,B
ar-DZ_0116,B
ar-DZ_0117,B
ar-DZ_0118,C
ar-DZ_0119,B
ar-DZ_0120,C
ar-DZ_0121,C
ar-DZ_0122,C
ar-DZ_0123,C
ar-DZ_0124,A
ar-DZ_0125,B
ar-DZ_0126,A
ar-DZ_0127,B
ar-DZ_0128,B
ar-DZ_0129,B
ar-DZ_0130,B
ar-DZ_0131,B
ar-DZ_0132,A
ar-DZ_0133,B
ar-DZ_0134,B
ar-DZ_0135,B
ar-DZ_0136,B
ar-DZ_0137,B
ar-DZ_0138,C
ar-DZ_0139,C
ar-DZ_0140,C
ar-DZ_0141,C
ar-DZ_0142,B
ar-DZ_0143,B
ar-DZ_0144,B
ar-DZ_0145,B
ar-DZ_0146,C
ar-DZ_0147,C
ar-DZ_0148,C
ar-DZ_0149,C
ar-DZ_0150,C
ar-DZ_0151,C
ar-DZ_0152,B
ar-DZ_0153,C
ar-DZ_0154,B
ar-DZ_0155,B
ar-DZ_0156,C
ar-DZ_0157,B
ar-DZ_0158,C
ar-DZ_0159,C
ar-DZ_0160,C
ar-DZ_0161,C
ar-DZ_0162,B
ar-DZ_0163,A
ar-DZ_0164,A
ar-DZ_0165,B
ar-DZ_0166,A
ar-DZ_0167,B
ar-DZ_0168,B
ar-DZ_0169,B
ar-DZ_0170,B
ar-DZ_0171,B
ar-DZ_0172,B
ar-DZ_0173,C
ar-DZ_0174,B
ar-DZ_0175,C
ar-DZ_0176,C
ar-DZ_0177,C
ar-DZ_0178,C
ar-DZ_0179,A
ar-DZ_0180,B
ar-DZ_0181,A
ar-DZ_0182,B
ar-DZ_0183,B
ar-DZ_0184,B
ar-DZ_0185,B
ar-DZ_0186,B
ar-DZ_0187,A
ar-DZ_0188,B
ar-DZ_0189,B
ar-DZ_0190,B
ar-DZ_0191,B
ar-DZ_0192,B
ar-DZ_0193,C
ar-DZ_0194,C
ar-DZ_0195,C
ar-DZ_0196,C
ar-DZ_0197,B
ar-DZ_0198,B
ar-DZ_0199,B
ar-DZ_0200,B
ar-DZ_0201,C
ar-DZ_0202,C
ar-DZ_0203,A
ar-DZ_0204,C
ar-DZ_0205,C
ar-DZ_0206,C
ar-DZ_0207,C
ar-DZ_0208,B
ar-DZ_0209,B
ar-DZ_0210,C
ar-DZ_0211,B
ar-DZ_0212,A
ar-DZ_0213,C
ar-DZ_0214,C
ar-DZ_0215,C
ar-DZ_0216,C
ar-DZ_0217,C
ar-DZ_0218,D
ar-DZ_0219,C
ar-DZ_0220,D
ar-DZ_0221,D
ar-DZ_0222,D
ar-DZ_0223,D
ar-DZ_0224,B
ar-DZ_0225,C
ar-DZ_0226,B
ar-DZ_0227,A
ar-DZ_0228,C
ar-DZ_0229,C
ar-DZ_0230,C
ar-DZ_0231,C
ar-DZ_0232,B
ar-DZ_0233,A
ar-DZ_0234,C
ar-DZ_0235,C
ar-DZ_0236,C
ar-DZ_0237,C
ar-DZ_0238,D
ar-DZ_0239,D
ar-DZ_0240,D
ar-DZ_0241,D
ar-DZ_0242,C
ar-DZ_0243,C
ar-DZ_0244,C
ar-DZ_0245,C
ar-DZ_0246,A
ar-DZ_0247,D
ar-DZ_0248,A
ar-DZ_0249,A
ar-DZ_0250,A
ar-DZ_0251,A
ar-DZ_0252,B
ar-DZ_0253,B
ar-DZ_0254,C
ar-DZ_0255,B
ar-DZ_0256,C
ar-DZ_0257,C
ar-DZ_0258,C
ar-DZ_0259,C
ar-DZ_0260,A
ar-DZ_0261,B
ar-DZ_0262,A
ar-DZ_0263,B
ar-DZ_0264,B
ar-DZ_0265,B
ar-DZ_0266,B
ar-DZ_0267,B
ar-DZ_0268,A
ar-DZ_0269,B
ar-DZ_0270,B
ar-DZ_0271,B
ar-DZ_0272,B
ar-DZ_0273,B
ar-DZ_0274,C
ar-DZ_0275,C
ar-DZ_0276,C
ar-DZ_0277,C
ar-DZ_0278,B
ar-DZ_0279,B
ar-DZ_0280,B
ar-DZ_0281,B
ar-DZ_0282,C
ar-DZ_0283,C
ar-DZ_0284,A
ar-DZ_0285,C
ar-DZ_0286,C
ar-DZ_0287,C
ar-DZ_0288,B
ar-DZ_0289,C
ar-DZ_0290,B
ar-DZ_0291,C
ar-DZ_0292,C
ar-DZ_0293,C
ar-DZ_0294,C
ar-DZ_0295,C
ar-DZ_0296,B
ar-DZ_0297,C
ar-DZ_0298,C
ar-DZ_0299,C
ar-DZ_0300,C
ar-DZ_0301,C
ar-DZ_0302,D
ar-DZ_0303,D
ar-DZ_0304,D
ar-DZ_0305,D
ar-DZ_0306,C
ar-DZ_0307,C
ar-DZ_0308,C
ar-DZ_0309,C
ar-DZ_0310,A
ar-DZ_0311,D
ar-DZ_0312,A
ar-DZ_0313,D
ar-DZ_0314,A
ar-DZ_0315,D
ar-DZ_0316,B
ar-DZ_0317,A
ar-DZ_0318,B
ar-DZ_0319,B
ar-DZ_0320,B
ar-DZ_0321,B
ar-DZ_0322,B
ar-DZ_0323,C
ar-DZ_0324,C
ar-DZ_0325,C
ar-DZ_0326,C
ar-DZ_0327,B
ar-DZ_0328,B
ar-DZ_0329,B
ar-DZ_0330,B
ar-DZ_0331,C
ar-DZ_0332,C
ar-DZ_0333,C
ar-DZ_0334,C
ar-DZ_0335,C
ar-DZ_0336,C
ar-DZ_0337,B
ar-DZ_0338,C
ar-DZ_0339,C
ar-DZ_0340,C
ar-DZ_0341,C
ar-DZ_0342,B
ar-DZ_0343,B
ar-DZ_0344,B
ar-DZ_0345,B
ar-DZ_0346,C
ar-DZ_0347,C
ar-DZ_0348,A
ar-DZ_0349,C
ar-DZ_0350,C
ar-DZ_0351,C
ar-DZ_0352,C
ar-DZ_0353,C
ar-DZ_0354,C
ar-DZ_0355,C
ar-DZ_0356,D
ar-DZ_0357,D
ar-DZ_0358,A
ar-DZ_0359,D
ar-DZ_0360,D
ar-DZ_0361,D
ar-DZ_0362,C
ar-DZ_0363,C
ar-DZ_0364,A
ar-DZ_0365,C
ar-DZ_0366,C
ar-DZ_0367,C
ar-DZ_0368,D
ar-DZ_0369,A
ar-DZ_0370,D
ar-DZ_0371,D
zh-CN_0093,D
zh-CN_0094,D
zh-CN_0095,D
zh-CN_0096,C
zh-CN_0097,D
zh-CN_0098,D
zh-CN_0099,D
zh-CN_0100,D
zh-CN_0101,D
zh-CN_0102,D
zh-CN_0103,D
zh-CN_0104,D
zh-CN_0105,C
zh-CN_0106,D
zh-CN_0107,D
zh-CN_0108,D
zh-CN_0109,D
zh-CN_0110,D
zh-CN_0111,D
zh-CN_0112,D
zh-CN_0113,C
zh-CN_0114,D
zh-CN_0115,D
zh-CN_0116,D
zh-CN_0117,D
zh-CN_0118,D
zh-CN_0119,D
zh-CN_0120,C
zh-CN_0121,D
zh-CN_0122,D
zh-CN_0123,D
zh-CN_0124,D
zh-CN_0125,D
zh-CN_0126,D
zh-CN_0127,C
zh-CN_0128,C
zh-CN_0129,C
zh-CN_0130,C
zh-CN_0131,C
zh-CN_0132,C
zh-CN_0133,D
zh-CN_0134,D
zh-CN_0135,D
zh-CN_0136,D
zh-CN_0137,D
zh-CN_0138,D
zh-CN_0139,D
zh-CN_0140,D
zh-CN_0141,D
zh-CN_0142,D
zh-CN_0143,D
zh-CN_0144,D
zh-CN_0145,D
zh-CN_0146,D
zh-CN_0147,D
zh-CN_0148,D
zh-CN_0149,D
zh-CN_0150,C
zh-CN_0151,D
zh-CN_0152,D
zh-CN_0153,D
zh-CN_0154,D
zh-CN_0155,D
zh-CN_0156,D
zh-CN_0157,D
zh-CN_0158,C
zh-CN_0159,D
zh-CN_0160,D
zh-CN_0161,D
zh-CN_0162,D
zh-CN_0163,D
zh-CN_0164,D
zh-CN_0165,C
zh-CN_0166,D
zh-CN_0167,D
zh-CN_0168,D
zh-CN_0169,D
zh-CN_0170,D
zh-CN_0171,D
zh-CN_0172,C
zh-CN_0173,C
zh-CN_0174,C
zh-CN_0175,C
zh-CN_0176,C
zh-CN_0177,C
zh-CN_0178,D
zh-CN_0179,D
zh-CN_0180,D
zh-CN_0181,D
zh-CN_0182,D
zh-CN_0183,D
zh-CN_0184,D
zh-CN_0185,D
zh-CN_0186,D
zh-CN_0187,D
zh-CN_0188,D
zh-CN_0189,D
zh-CN_0190,D
zh-CN_0191,D
zh-CN_0192,D
zh-CN_0193,D
zh-CN_0194,C
zh-CN_0195,D
zh-CN_0196,D
zh-CN_0197,D
zh-CN_0198,D
zh-CN_0199,D
zh-CN_0200,D
zh-CN_0201,C
zh-CN_0202,D
zh-CN_0203,D
zh-CN_0204,D
zh-CN_0205,D
zh-CN_0206,D
zh-CN_0207,D
zh-CN_0208,C
zh-CN_0209,C
zh-CN_0210,C
zh-CN_0211,C
zh-CN_0212,C
zh-CN_0213,C
zh-CN_0214,D
zh-CN_0215,D
zh-CN_0216,D
zh-CN_0217,D
zh-CN_0218,D
zh-CN_0219,D
zh-CN_0220,D
zh-CN_0221,D
zh-CN_0222,D
zh-CN_0223,D
zh-CN_0224,D
zh-CN_0225,D
zh-CN_0226,D
zh-CN_0227,D
zh-CN_0228,D
zh-CN_0229,C
zh-CN_0230,D
zh-CN_0231,D
zh-CN_0232,D
zh-CN_0233,D
zh-CN_0234,D
zh-CN_0235,D
zh-CN_0236,C
zh-CN_0237,C
zh-CN_0238,C
zh-CN_0239,C
zh-CN_0240,C
zh-CN_0241,C
zh-CN_0242,D
zh-CN_0243,D
zh-CN_0244,D
zh-CN_0245,D
zh-CN_0246,D
zh-CN_0247,D
zh-CN_0248,D
zh-CN_0249,D
zh-CN_0250,D
zh-CN_0251,D
zh-CN_0252,D
zh-CN_0253,D
zh-CN_0254,D
zh-CN_0255,D
zh-CN_0256,D
zh-CN_0257,C
zh-CN_0258,C
zh-CN_0259,C
zh-CN_0260,C
zh-CN_0261,C
zh-CN_0262,C
zh-CN_0263,D
zh-CN_0264,D
zh-CN_0265,D
zh-CN_0266,D
zh-CN_0267,D
zh-CN_0268,D
zh-CN_0269,D
zh-CN_0270,D
zh-CN_0271,D
zh-CN_0272,D
zh-CN_0273,D
zh-CN_0274,D
zh-CN_0275,D
zh-CN_0276,D
zh-CN_0277,D
zh-CN_0278,C
zh-CN_0279,C
zh-CN_0280,C
zh-CN_0281,C
zh-CN_0282,C
zh-CN_0283,C
zh-CN_0284,C
zh-CN_0285,C
zh-CN_0286,C
zh-CN_0287,C
zh-CN_0288,C
zh-CN_0289,C
zh-CN_0290,C
zh-CN_0291,C
zh-CN_0292,C
zh-CN_0293,D
zh-CN_0294,D
zh-CN_0295,D
zh-CN_0296,D
zh-CN_0297,D
zh-CN_0298,D
zh-CN_0299,D
zh-CN_0300,D
zh-CN_0301,D
zh-CN_0302,D
zh-CN_0303,D
zh-CN_0304,D
zh-CN_0305,D
zh-CN_0306,D
zh-CN_0307,D
zh-CN_0308,D
zh-CN_0309,D
zh-CN_0310,D
zh-CN_0311,D
zh-CN_0312,D
id-ID_0070,C
id-ID_0071,D
id-ID_0072,D
id-ID_0073,D
id-ID_0074,D
id-ID_0075,D
id-ID_0076,D
id-ID_0077,D
id-ID_0078,D
id-ID_0079,C
id-ID_0080,B
id-ID_0081,C
id-ID_0082,C
id-ID_0083,C
id-ID_0084,C
id-ID_0085,C
id-ID_0086,C
id-ID_0087,D
id-ID_0088,D
id-ID_0089,D
id-ID_0090,D
id-ID_0091,D
id-ID_0092,D
id-ID_0093,D
id-ID_0094,D
id-ID_0095,D
id-ID_0096,D
id-ID_0097,C
id-ID_0098,D
id-ID_0099,D
id-ID_0100,D
id-ID_0101,D
id-ID_0102,D
id-ID_0103,D
id-ID_0104,D
id-ID_0105,D
id-ID_0106,D
id-ID_0107,D
id-ID_0108,D
id-ID_0109,D
id-ID_0110,D
id-ID_0111,D
id-ID_0112,D
id-ID_0113,D
id-ID_0114,D
id-ID_0115,C
id-ID_0116,B
id-ID_0117,C
id-ID_0118,C
id-ID_0119,C
id-ID_0120,C
id-ID_0121,C
id-ID_0122,C
id-ID_0123,D
id-ID_0124,D
id-ID_0125,D
id-ID_0126,D
id-ID_0127,D
id-ID_0128,D
id-ID_0129,D
id-ID_0130,D
id-ID_0131,D
id-ID_0132,D
id-ID_0133,D
id-ID_0134,C
id-ID_0135,D
id-ID_0136,D
id-ID_0137,D
id-ID_0138,D
id-ID_0139,D
id-ID_0140,D
id-ID_0141,D
id-ID_0142,D
id-ID_0143,D
id-ID_0144,D
id-ID_0145,D
id-ID_0146,D
id-ID_0147,D
id-ID_0148,D
id-ID_0149,D
id-ID_0150,D
id-ID_0151,B
id-ID_0152,C
id-ID_0153,C
id-ID_0154,C
id-ID_0155,C
id-ID_0156,C
id-ID_0157,C
id-ID_0158,B
id-ID_0159,B
id-ID_0160,B
id-ID_0161,B
id-ID_0162,B
id-ID_0163,B
id-ID_0164,C
id-ID_0165,C
id-ID_0166,C
id-ID_0167,C
id-ID_0168,C
id-ID_0169,C
id-ID_0170,C
id-ID_0171,C
id-ID_0172,C
id-ID_0173,C
id-ID_0174,C
id-ID_0175,C
id-ID_0176,C
id-ID_0177,C
id-ID_0178,C
id-ID_0179,D
id-ID_0180,D
id-ID_0181,D
id-ID_0182,D
id-ID_0183,D
id-ID_0184,D
id-ID_0185,D
id-ID_0186,D
id-ID_0187,D
id-ID_0188,D
id-ID_0189,D
id-ID_0190,D
id-ID_0191,D
id-ID_0192,D
id-ID_0193,D
id-ID_0194,D
id-ID_0195,D
id-ID_0196,D
id-ID_0197,D
id-ID_0198,D
id-ID_0199,D
id-ID_0200,D
id-ID_0201,D
id-ID_0202,C
id-ID_0203,D
id-ID_0204,D
id-ID_0205,D
id-ID_0206,C
id-ID_0207,D
id-ID_0208,D
id-ID_0209,C
id-ID_0210,C
id-ID_0211,D
id-ID_0212,C
id-ID_0213,D
id-ID_0214,C
id-ID_0215,D
id-ID_0216,D
id-ID_0217,D
id-ID_0218,D
id-ID_0219,D
id-ID_0220,D
id-ID_0221,D
id-ID_0222,D
id-ID_0223,D
id-ID_0224,D
id-ID_0225,D
id-ID_0226,D
id-ID_0227,D
id-ID_0228,D
id-ID_0229,D
id-ID_0230,D
id-ID_0231,D
id-ID_0232,D
id-ID_0233,D
id-ID_0234,D
es-ES_0089,D
es-ES_0090,D
es-ES_0091,D
es-ES_0092,D
es-ES_0093,D
es-ES_0094,D
es-ES_0095,D
es-ES_0096,D
es-ES_0097,D
es-ES_0098,D
es-ES_0099,D
es-ES_0100,D
es-ES_0101,D
es-ES_0102,D
es-ES_0103,D
es-ES_0104,D
es-ES_0105,D
es-ES_0106,D
es-ES_0107,D
es-ES_0108,D
es-ES_0109,D
es-ES_0110,D
es-ES_0111,D
es-ES_0112,D
es-ES_0113,D
es-ES_0114,D
es-ES_0115,D
es-ES_0116,D
es-ES_0117,D
es-ES_0118,D
es-ES_0119,D
es-ES_0120,D
es-ES_0121,D
es-ES_0122,D
es-ES_0123,D
es-ES_0124,D
es-ES_0125,D
es-ES_0126,D
es-ES_0127,D
es-ES_0128,D
es-ES_0129,D
es-ES_0130,D
es-ES_0131,D
es-ES_0132,D
es-ES_0133,D
es-ES_0134,D
es-ES_0135,D
es-ES_0136,D
es-ES_0137,D
es-ES_0138,D
es-ES_0139,D
es-ES_0140,D
es-ES_0141,D
es-ES_0142,D
es-ES_0143,D
es-ES_0144,D
es-ES_0145,D
es-ES_0146,D
es-ES_0147,D
es-ES_0148,D
es-ES_0149,D
es-ES_0150,D
es-ES_0151,D
es-ES_0152,D
es-ES_0153,D
es-ES_0154,D
es-ES_0155,D
es-ES_0156,D
es-ES_0157,D
es-ES_0158,D
es-ES_0159,D
es-ES_0160,D
es-ES_0161,D
es-ES_0162,D
es-ES_0163,D
es-ES_0164,D
es-ES_0165,D
es-ES_0166,D
es-ES_0167,D
es-ES_0168,D
es-ES_0169,D
es-ES_0170,D
es-ES_0171,D
es-ES_0172,D
es-ES_0173,D
es-ES_0174,D
es-ES_0175,D
es-ES_0176,D
es-ES_0177,D
es-ES_0178,D
es-ES_0179,D
es-ES_0180,D
es-ES_0181,D
es-ES_0182,D
es-ES_0183,D
es-ES_0184,D
es-ES_0185,D
es-ES_0186,D
es-ES_0187,D
es-ES_0188,D
es-ES_0189,D
es-ES_0190,D
es-ES_0191,D
es-ES_0192,D
es-ES_0193,D
es-ES_0194,D
es-ES_0195,D
es-ES_0196,D
es-ES_0197,D
es-ES_0198,D
es-ES_0199,D
es-ES_0200,D
es-ES_0201,D
es-ES_0202,D
es-ES_0203,D
es-ES_0204,D
es-ES_0205,D
es-ES_0206,D
es-ES_0207,D
es-ES_0208,D
es-ES_0209,D
es-ES_0210,D
es-ES_0211,D
es-ES_0212,D
es-ES_0213,D
es-ES_0214,D
es-ES_0215,D
es-ES_0216,D
es-ES_0217,D
es-ES_0218,D
es-ES_0219,D
es-ES_0220,D
es-ES_0221,D
es-ES_0222,D
es-ES_0223,D
es-ES_0224,D
es-ES_0225,D
es-ES_0226,D
es-ES_0227,D
es-ES_0228,D
es-ES_0229,D
es-ES_0230,D
es-ES_0231,D
es-ES_0232,D
es-ES_0233,D
es-ES_0234,D
es-ES_0235,D
es-ES_0236,D
es-ES_0237,D
es-ES_0238,D
es-ES_0239,D
es-ES_0240,D
es-ES_0241,D
es-ES_0242,D
es-ES_0243,D
es-ES_0244,D
es-ES_0245,D
es-ES_0246,D
es-ES_0247,D
es-ES_0248,D
es-ES_0249,D
es-ES_0250,D
es-ES_0251,D
es-ES_0252,D
es-ES_0253,D
es-ES_0254,D
es-ES_0255,D
es-ES_0256,D
es-ES_0257,D
es-ES_0258,D
es-ES_0259,D
es-ES_0260,D
es-ES_0261,D
es-ES_0262,D
es-ES_0263,D
es-ES_0264,D
es-ES_0265,D
es-ES_0266,D
es-ES_0267,D
es-ES_0268,D
es-ES_0269,D
es-ES_0270,D
es-ES_0271,D
es-ES_0272,D
es-ES_0273,D
es-ES_0274,D
es-ES_0275,D
es-ES_0276,D
es-ES_0277,D
es-ES_0278,D
es-ES_0279,D
es-ES_0280,D
es-ES_0281,D
es-ES_0282,D
es-ES_0283,D
es-ES_0284,D
es-ES_0285,D
es-ES_0286,D
es-ES_0287,D
es-ES_0288,D
es-ES_0289,D
es-ES_0290,D
es-ES_0291,D
es-ES_0292,D
es-ES_0293,D
es-ES_0294,D
es-ES_0295,D
es-ES_0296,D
es-ES_0297,D
es-ES_0298,D
es-ES_0299,D
es-ES_0300,D
es-ES_0301,D
es-ES_0302,D
es-ES_0303,D
es-ES_0304,D
es-ES_0305,D
es-ES_0306,D
es-ES_0307,D
es-ES_0308,D
es-ES_0309,D
es-ES_0310,D
es-ES_0311,D
es-ES_0312,D
es-ES_0313,D
es-ES_0314,D
es-ES_0315,D
es-ES_0316,D
es-ES_0317,D
es-ES_0318,D
es-ES_0319,D
es-ES_0320,D
es-ES_0321,D
es-ES_0322,D
es-ES_0323,D
es-ES_0324,D
es-ES_0325,D
es-ES_0326,D
es-ES_0327,D
es-ES_0328,D
es-ES_0329,D
es-ES_0330,D
es-ES_0331,D
es-ES_0332,D
es-ES_0333,D
es-ES_0334,D
es-ES_0335,D
es-ES_0336,D
es-ES_0337,D
es-ES_0338,D
es-ES_0339,D
es-ES_0340,D
es-ES_0341,D
es-ES_0342,D
es-ES_0343,D
es-ES_0344,D
es-ES_0345,D
es-ES_0346,D
es-ES_0347,D
es-ES_0348,D
es-ES_0349,D
es-ES_0350,D
es-ES_0351,D
es-ES_0352,D
es-ES_0353,D
es-ES_0354,D
es-ES_0355,D
es-ES_0356,D
es-ES_0357,D
es-ES_0358,D
es-ES_0359,D
es-ES_0360,D
es-ES_0361,D
es-ES_0362,D
es-ES_0363,D
es-ES_0364,D
es-ES_0365,D
es-ES_0366,D
es-ES_0367,D
es-ES_0368,D
es-ES_0369,D
es-ES_0370,D
es-ES_0371,D
es-ES_0372,D
es-ES_0373,D
es-ES_0374,D
fa-IR_0087,C
fa-IR_0088,B
fa-IR_0089,C
fa-IR_0090,C
fa-IR_0091,B
fa-IR_0092,C
fa-IR_0093,B
fa-IR_0094,C
fa-IR_0095,C
fa-IR_0096,C
fa-IR_0097,C
fa-IR_0098,C
fa-IR_0099,D
fa-IR_0100,D
fa-IR_0101,C
fa-IR_0102,D
fa-IR_0103,C
fa-IR_0104,D
fa-IR_0105,D
fa-IR_0106,D
fa-IR_0107,D
fa-IR_0108,C
fa-IR_0109,C
fa-IR_0110,B
fa-IR_0111,C
fa-IR_0112,B
fa-IR_0113,C
fa-IR_0114,C
fa-IR_0115,C
fa-IR_0116,C
fa-IR_0117,D
fa-IR_0118,C
fa-IR_0119,D
fa-IR_0120,C
fa-IR_0121,D
fa-IR_0122,D
fa-IR_0123,D
fa-IR_0124,D
fa-IR_0125,C
fa-IR_0126,D
fa-IR_0127,C
fa-IR_0128,D
fa-IR_0129,D
fa-IR_0130,D
fa-IR_0131,D
fa-IR_0132,C
fa-IR_0133,B
fa-IR_0134,C
fa-IR_0135,C
fa-IR_0136,C
fa-IR_0137,C
fa-IR_0138,C
fa-IR_0139,D
fa-IR_0140,D
fa-IR_0141,D
fa-IR_0142,D
fa-IR_0143,C
fa-IR_0144,C
fa-IR_0145,C
fa-IR_0146,C
fa-IR_0147,D
fa-IR_0148,D
fa-IR_0149,D
fa-IR_0150,D
fa-IR_0151,D
fa-IR_0152,D
fa-IR_0153,B
fa-IR_0154,C
fa-IR_0155,C
fa-IR_0156,B
fa-IR_0157,C
fa-IR_0158,B
fa-IR_0159,C
fa-IR_0160,C
fa-IR_0161,C
fa-IR_0162,C
fa-IR_0163,B
fa-IR_0164,B
fa-IR_0165,A
fa-IR_0166,B
fa-IR_0167,A
fa-IR_0168,B
fa-IR_0169,B
fa-IR_0170,B
fa-IR_0171,B
fa-IR_0172,C
fa-IR_0173,B
fa-IR_0174,C
fa-IR_0175,B
fa-IR_0176,C
fa-IR_0177,C
fa-IR_0178,C
fa-IR_0179,C
fa-IR_0180,B
fa-IR_0181,C
fa-IR_0182,B
fa-IR_0183,C
fa-IR_0184,C
fa-IR_0185,C
fa-IR_0186,C
fa-IR_0187,B
fa-IR_0188,A
fa-IR_0189,B
fa-IR_0190,B
fa-IR_0191,B
fa-IR_0192,B
fa-IR_0193,B
fa-IR_0194,C
fa-IR_0195,C
fa-IR_0196,C
fa-IR_0197,C
fa-IR_0198,B
fa-IR_0199,B
fa-IR_0200,B
fa-IR_0201,B
fa-IR_0202,C
fa-IR_0203,C
fa-IR_0204,C
fa-IR_0205,C
fa-IR_0206,C
fa-IR_0207,C
fa-IR_0208,C
fa-IR_0209,C
fa-IR_0210,B
fa-IR_0211,C
fa-IR_0212,B
fa-IR_0213,C
fa-IR_0214,C
fa-IR_0215,C
fa-IR_0216,C
fa-IR_0217,D
fa-IR_0218,C
fa-IR_0219,D
fa-IR_0220,C
fa-IR_0221,D
fa-IR_0222,D
fa-IR_0223,D
fa-IR_0224,D
fa-IR_0225,C
fa-IR_0226,D
fa-IR_0227,C
fa-IR_0228,D
fa-IR_0229,D
fa-IR_0230,D
fa-IR_0231,D
fa-IR_0232,C
fa-IR_0233,B
fa-IR_0234,C
fa-IR_0235,C
fa-IR_0236,C
fa-IR_0237,C
fa-IR_0238,C
fa-IR_0239,D
fa-IR_0240,D
fa-IR_0241,D
fa-IR_0242,D
fa-IR_0243,C
fa-IR_0244,C
fa-IR_0245,C
fa-IR_0246,C
fa-IR_0247,D
fa-IR_0248,D
fa-IR_0249,D
fa-IR_0250,D
fa-IR_0251,D
fa-IR_0252,D
fa-IR_0253,C
fa-IR_0254,B
fa-IR_0255,C
fa-IR_0256,B
fa-IR_0257,C
fa-IR_0258,C
fa-IR_0259,C
fa-IR_0260,C
fa-IR_0261,B
fa-IR_0262,C
fa-IR_0263,B
fa-IR_0264,C
fa-IR_0265,C
fa-IR_0266,C
fa-IR_0267,C
fa-IR_0268,B
fa-IR_0269,A
fa-IR_0270,B
fa-IR_0271,B
fa-IR_0272,B
fa-IR_0273,B
fa-IR_0274,B
fa-IR_0275,C
fa-IR_0276,C
fa-IR_0277,C
fa-IR_0278,C
fa-IR_0279,B
fa-IR_0280,B
fa-IR_0281,B
fa-IR_0282,B
fa-IR_0283,C
fa-IR_0284,C
fa-IR_0285,C
fa-IR_0286,C
fa-IR_0287,C
fa-IR_0288,C
fa-IR_0289,C
fa-IR_0290,D
fa-IR_0291,C
fa-IR_0292,D
fa-IR_0293,D
fa-IR_0294,D
fa-IR_0295,D
fa-IR_0296,C
fa-IR_0297,B
fa-IR_0298,C
fa-IR_0299,C
fa-IR_0300,C
fa-IR_0301,C
fa-IR_0302,C
fa-IR_0303,D
fa-IR_0304,D
fa-IR_0305,D
fa-IR_0306,D
fa-IR_0307,C
fa-IR_0308,C
fa-IR_0309,C
fa-IR_0310,C
fa-IR_0311,D
fa-IR_0312,D
fa-IR_0313,D
fa-IR_0314,D
fa-IR_0315,D
fa-IR_0316,D
fa-IR_0317,C
fa-IR_0318,B
fa-IR_0319,C
fa-IR_0320,C
fa-IR_0321,C
fa-IR_0322,C
fa-IR_0323,C
fa-IR_0324,D
fa-IR_0325,D
fa-IR_0326,D
fa-IR_0327,D
fa-IR_0328,C
fa-IR_0329,C
fa-IR_0330,C
fa-IR_0331,C
fa-IR_0332,D
fa-IR_0333,D
fa-IR_0334,D
fa-IR_0335,D
fa-IR_0336,D
fa-IR_0337,D
fa-IR_0338,B
fa-IR_0339,C
fa-IR_0340,C
fa-IR_0341,C
fa-IR_0342,C
fa-IR_0343,B
fa-IR_0344,B
fa-IR_0345,B
fa-IR_0346,B
fa-IR_0347,C
fa-IR_0348,C
fa-IR_0349,C
fa-IR_0350,C
fa-IR_0351,C
fa-IR_0352,C
fa-IR_0353,C
fa-IR_0354,C
fa-IR_0355,C
fa-IR_0356,C
fa-IR_0357,D
fa-IR_0358,D
fa-IR_0359,D
fa-IR_0360,D
fa-IR_0361,D
fa-IR_0362,D
fa-IR_0363,C
fa-IR_0364,C
fa-IR_0365,C
fa-IR_0366,C
fa-IR_0367,C
fa-IR_0368,C
fa-IR_0369,D
fa-IR_0370,D
fa-IR_0371,D
fa-IR_0372,D
es-MX_0093,A
es-MX_0094,A
es-MX_0095,A
es-MX_0096,A
es-MX_0097,A
es-MX_0098,A
es-MX_0099,A
es-MX_0100,A
es-MX_0101,A
es-MX_0102,A
es-MX_0103,A
es-MX_0104,A
es-MX_0105,A
es-MX_0106,A
es-MX_0107,A
es-MX_0108,A
es-MX_0109,A
es-MX_0110,A
es-MX_0111,A
es-MX_0112,A
es-MX_0113,A
es-MX_0114,A
es-MX_0115,A
es-MX_0116,A
es-MX_0117,A
es-MX_0118,A
es-MX_0119,A
es-MX_0120,A
es-MX_0121,A
es-MX_0122,A
es-MX_0123,A
es-MX_0124,A
es-MX_0125,A
es-MX_0126,A
es-MX_0127,A
es-MX_0128,A
es-MX_0129,A
es-MX_0130,A
es-MX_0131,A
es-MX_0132,A
es-MX_0133,A
es-MX_0134,A
es-MX_0135,A
es-MX_0136,A
es-MX_0137,A
es-MX_0138,A
es-MX_0139,A
es-MX_0140,A
es-MX_0141,A
es-MX_0142,A
es-MX_0143,A
es-MX_0144,A
es-MX_0145,A
es-MX_0146,A
es-MX_0147,A
es-MX_0148,A
es-MX_0149,A
es-MX_0150,A
es-MX_0151,A
es-MX_0152,A
es-MX_0153,A
es-MX_0154,A
es-MX_0155,A
es-MX_0156,A
es-MX_0157,A
es-MX_0158,A
es-MX_0159,A
es-MX_0160,A
es-MX_0161,A
es-MX_0162,A
es-MX_0163,A
es-MX_0164,A
es-MX_0165,A
es-MX_0166,A
es-MX_0167,A
es-MX_0168,A
es-MX_0169,A
es-MX_0170,A
es-MX_0171,A
es-MX_0172,A
es-MX_0173,A
es-MX_0174,A
es-MX_0175,A
es-MX_0176,A
es-MX_0177,A
es-MX_0178,A
es-MX_0179,A
es-MX_0180,A
es-MX_0181,A
es-MX_0182,A
es-MX_0183,A
es-MX_0184,A
es-MX_0185,A
es-MX_0186,A
es-MX_0187,A
es-MX_0188,A
es-MX_0189,A
es-MX_0190,A
es-MX_0191,A
es-MX_0192,A
es-MX_0193,A
es-MX_0194,A
es-MX_0195,A
es-MX_0196,A
es-MX_0197,A
es-MX_0198,A
es-MX_0199,A
es-MX_0200,A
es-MX_0201,A
es-MX_0202,A
es-MX_0203,A
es-MX_0204,A
es-MX_0205,A
es-MX_0206,A
es-MX_0207,A
es-MX_0208,A
es-MX_0209,A
es-MX_0210,A
es-MX_0211,A
es-MX_0212,A
es-MX_0213,A
es-MX_0214,A
es-MX_0215,A
es-MX_0216,A
es-MX_0217,A
es-MX_0218,A
es-MX_0219,A
es-MX_0220,A
es-MX_0221,A
es-MX_0222,A
es-MX_0223,A
es-MX_0224,A
es-MX_0225,A
es-MX_0226,A
es-MX_0227,A
es-MX_0228,A
es-MX_0229,A
es-MX_0230,A
es-MX_0231,A
es-MX_0232,A
es-MX_0233,A
es-MX_0234,A
es-MX_0235,A
es-MX_0236,A
es-MX_0237,A
es-MX_0238,A
es-MX_0239,A
es-MX_0240,A
es-MX_0241,A
es-MX_0242,A
es-MX_0243,A
es-MX_0244,A
es-MX_0245,A
es-MX_0246,A
es-MX_0247,A
es-MX_0248,A
es-MX_0249,A
es-MX_0250,A
es-MX_0251,A
es-MX_0252,A
es-MX_0253,A
es-MX_0254,A
es-MX_0255,A
es-MX_0256,A
es-MX_0257,A
es-MX_0258,A
es-MX_0259,A
es-MX_0260,A
es-MX_0261,A
es-MX_0262,A
es-MX_0263,A
es-MX_0264,A
es-MX_0265,A
es-MX_0266,A
es-MX_0267,A
es-MX_0268,A
es-MX_0269,A
es-MX_0270,A
es-MX_0271,A
es-MX_0272,A
es-MX_0273,A
es-MX_0274,A
es-MX_0275,A
es-MX_0276,A
es-MX_0277,A
es-MX_0278,A
es-MX_0279,A
es-MX_0280,A
es-MX_0281,A
es-MX_0282,A
es-MX_0283,A
es-MX_0284,A
es-MX_0285,A
es-MX_0286,A
es-MX_0287,A
es-MX_0288,A
es-MX_0289,A
es-MX_0290,A
es-MX_0291,A
es-MX_0292,A
es-MX_0293,A
es-MX_0294,A
es-MX_0295,A
es-MX_0296,A
es-MX_0297,A
es-MX_0298,A
es-MX_0299,A
es-MX_0300,A
es-MX_0301,A
es-MX_0302,A
es-MX_0303,A
es-MX_0304,A
es-MX_0305,A
es-MX_0306,A
es-MX_0307,A
es-MX_0308,A
es-MX_0309,A
es-MX_0310,A
es-MX_0311,A
es-MX_0312,A
es-MX_0313,A
es-MX_0314,A
es-MX_0315,A
es-MX_0316,A
es-MX_0317,A
es-MX_0318,A
es-MX_0319,A
es-MX_0320,A
es-MX_0321,A
es-MX_0322,A
es-MX_0323,A
es-MX_0324,A
es-MX_0325,A
es-MX_0326,A
es-MX_0327,A
es-MX_0328,A
es-MX_0329,A
es-MX_0330,A
es-MX_0331,A
es-MX_0332,A
es-MX_0333,A
es-MX_0334,A
es-MX_0335,A
es-MX_0336,A
es-MX_0337,A
es-MX_0338,A
es-MX_0339,A
es-MX_0340,A
es-MX_0341,A
es-MX_0342,A
es-MX_0343,A
es-MX_0344,A
es-MX_0345,A
es-MX_0346,A
es-MX_0347,A
es-MX_0348,A
es-MX_0349,A
es-MX_0350,A
es-MX_0351,A
es-MX_0352,A
es-MX_0353,A
es-MX_0354,A
es-MX_0355,A
es-MX_0356,A
es-MX_0357,A
es-MX_0358,A
es-MX_0359,A
es-MX_0360,A
es-MX_0361,A
es-MX_0362,A
es-MX_0363,A
es-MX_0364,A
es-MX_0365,A
es-MX_0366,A
es-MX_0367,A
es-MX_0368,A
es-MX_0369,A
es-MX_0370,A
es-MX_0371,A
es-MX_0372,A
es-MX_0373,A
es-MX_0374,A
es-MX_0375,A
es-MX_0376,A
es-MX_0377,A
es-MX_0378,A
as-AS_0100,A
as-AS_0101,B
as-AS_0102,A
as-AS_0103,B
as-AS_0104,A
as-AS_0105,A
as-AS_0106,A
as-AS_0107,A
as-AS_0108,B
as-AS_0109,A
as-AS_0110,A
as-AS_0111,B
as-AS_0112,A
as-AS_0113,B
as-AS_0114,A
as-AS_0115,A
as-AS_0116,A
as-AS_0117,A
as-AS_0118,B
as-AS_0119,A
as-AS_0120,A
as-AS_0121,B
as-AS_0122,C
as-AS_0123,B
as-AS_0124,B
as-AS_0125,B
as-AS_0126,B
as-AS_0127,C
as-AS_0128,B
as-AS_0129,B
as-AS_0130,B
as-AS_0131,A
as-AS_0132,A
as-AS_0133,A
as-AS_0134,A
as-AS_0135,B
as-AS_0136,A
as-AS_0137,A
as-AS_0138,B
as-AS_0139,B
as-AS_0140,B
as-AS_0141,B
as-AS_0142,C
as-AS_0143,B
as-AS_0144,B
as-AS_0145,A
as-AS_0146,A
as-AS_0147,A
as-AS_0148,B
as-AS_0149,A
as-AS_0150,A
as-AS_0151,A
as-AS_0152,A
as-AS_0153,B
as-AS_0154,A
as-AS_0155,A
as-AS_0156,A
as-AS_0157,B
as-AS_0158,A
as-AS_0159,A
as-AS_0160,B
as-AS_0161,A
as-AS_0162,A
as-AS_0163,B
as-AS_0164,B
as-AS_0165,A
as-AS_0166,B
as-AS_0167,A
as-AS_0168,B
as-AS_0169,A
as-AS_0170,A
as-AS_0171,A
as-AS_0172,A
as-AS_0173,B
as-AS_0174,A
as-AS_0175,A
as-AS_0176,B
as-AS_0177,C
as-AS_0178,B
as-AS_0179,B
as-AS_0180,B
as-AS_0181,B
as-AS_0182,C
as-AS_0183,B
as-AS_0184,B
as-AS_0185,B
as-AS_0186,A
as-AS_0187,A
as-AS_0188,A
as-AS_0189,A
as-AS_0190,B
as-AS_0191,A
as-AS_0192,A
as-AS_0193,B
as-AS_0194,B
as-AS_0195,B
as-AS_0196,B
as-AS_0197,C
as-AS_0198,B
as-AS_0199,B
as-AS_0200,A
as-AS_0201,A
as-AS_0202,A
as-AS_0203,B
as-AS_0204,A
as-AS_0205,A
as-AS_0206,A
as-AS_0207,A
as-AS_0208,B
as-AS_0209,A
as-AS_0210,A
as-AS_0211,A
as-AS_0212,B
as-AS_0213,A
as-AS_0214,A
as-AS_0215,B
as-AS_0216,A
as-AS_0217,A
as-AS_0218,B
as-AS_0219,B
as-AS_0220,A
as-AS_0221,B
as-AS_0222,C
as-AS_0223,B
as-AS_0224,B
as-AS_0225,B
as-AS_0226,B
as-AS_0227,C
as-AS_0228,B
as-AS_0229,B
as-AS_0230,B
as-AS_0231,A
as-AS_0232,A
as-AS_0233,A
as-AS_0234,A
as-AS_0235,B
as-AS_0236,A
as-AS_0237,A
